date,open,close,low,high,volume
2019-01-02,2497.88,2465.29,2456.42,2500.28,1099320.12
2019-01-02,2497.88,2465.29,2456.42,2500.28,1099320.12
2019-01-02,2497.88,2465.29,2456.42,2500.28,1099320.12
2019-01-03,2461.78,2464.36,2455.93,2488.48,1243975.0
2019-01-03,2461.78,2464.36,2455.93,2488.48,1243975.0
2019-01-03,2461.78,2464.36,2455.93,2488.48,1243975.0
2019-01-04,2446.02,2514.87,2440.91,2515.32,1688776.62
2019-01-04,2446.02,2514.87,2440.91,2515.32,1688776.62
2019-01-04,2446.02,2514.87,2440.91,2515.32,1688776.62
2019-01-07,2528.7,2533.09,2515.51,2536.98,1773050.12
2019-01-08,2530.3,2526.46,2520.16,2531.35,1580991.75
2019-01-09,2536.42,2544.34,2536.16,2574.41,1918879.25
2019-01-10,2543.85,2535.1,2531.66,2551.83,1598743.25
2019-01-11,2539.55,2553.83,2533.36,2554.79,1494441.0
2019-01-14,2553.33,2535.77,2533.01,2556.29,1448254.62
2019-01-15,2537.37,2570.34,2532.43,2571.5,1602655.25
2019-01-16,2569.07,2570.42,2563.01,2574.24,1493015.38
2019-01-17,2573.58,2559.64,2557.71,2582.56,1624681.38
2019-01-18,2567.74,2596.01,2565.9,2598.88,1907672.38
2019-01-21,2599.06,2610.51,2599.06,2618.98,1634251.12
2019-01-22,2609.64,2579.7,2573.06,2609.64,1525377.75
2019-01-23,2575.26,2581.0,2572.41,2589.51,1314268.0
2019-01-24,2584.65,2591.69,2569.7,2597.29,1540420.5
2019-01-25,2596.26,2601.72,2595.63,2617.0,1593940.25
2019-01-28,2615.71,2596.98,2591.1,2630.32,1469817.62
2019-01-29,2592.35,2594.25,2559.98,2601.74,1555811.12
2019-01-30,2584.75,2575.58,2575.41,2598.82,1205025.75
2019-01-31,2581.33,2584.57,2571.58,2606.63,1543038.75
2019-02-01,2597.78,2618.23,2590.55,2618.48,1319868.5
2019-02-11,2613.17,2653.9,2613.17,2654.1,1548988.62
2019-02-12,2654.03,2671.89,2648.83,2674.48,1841011.75
2019-02-13,2674.52,2721.07,2666.52,2727.08,2437940.0
2019-02-14,2715.54,2719.7,2707.49,2729.46,1970373.5
2019-02-15,2712.79,2682.39,2679.78,2715.63,1960042.62
2019-02-18,2699.82,2754.36,2699.82,2754.36,2604360.0
2019-02-19,2759.5,2755.65,2737.59,2780.78,2880462.75
2019-02-20,2761.06,2761.22,2739.98,2767.41,2459725.25
2019-02-21,2759.94,2751.8,2744.98,2794.01,2986499.75
2019-02-22,2749.46,2804.23,2736.33,2804.23,3014814.0
2019-02-25,2838.39,2961.28,2838.39,2961.8,5286586.0
2019-02-26,2969.1,2941.52,2938.62,2995.68,5655579.5
2019-02-27,2939.93,2953.82,2924.64,2997.49,4749764.5
2019-02-28,2950.05,2940.95,2930.2,2965.3,3502066.0
2019-03-01,2954.4,2994.01,2930.83,2994.01,3457862.0
2019-03-04,3015.94,3027.58,3006.94,3090.8,5256494.5
2019-03-05,3019.88,3054.25,3009.45,3054.96,4241425.5
2019-03-06,3060.43,3102.1,3050.11,3103.83,5550063.5
2019-03-07,3103.67,3106.42,3074.98,3129.94,5838170.5
2019-03-08,3038.34,2969.86,2969.58,3075.05,5778554.5
2019-03-11,2969.08,3026.99,2963.58,3028.25,4262130.5
2019-03-12,3049.08,3060.31,3029.9,3093.39,5111731.5
2019-03-13,3062.33,3026.95,3013.93,3065.29,4532146.0
2019-03-14,3013.6,2990.69,2968.82,3041.16,3731418.0
2019-03-15,3000.88,3021.75,2999.43,3048.12,3412061.5
2019-03-18,3027.8,3096.42,3009.51,3096.42,3977971.75
2019-03-19,3099.9,3090.98,3076.36,3113.43,3509088.5
2019-03-20,3084.17,3090.64,3053.45,3102.52,3585575.0
2019-03-21,3094.12,3101.46,3086.85,3125.02,4142511.75
2019-03-22,3100.73,3104.15,3064.88,3107.28,3648483.5
2019-03-25,3058.8,3043.03,3041.95,3087.0,3802787.5
2019-03-26,3057.56,2997.1,2988.49,3062.69,3534980.25
2019-03-27,3012.26,3022.72,2987.77,3022.76,2913903.5
2019-03-28,3009.8,2994.94,2991.78,3025.78,2881064.25
2019-03-29,3000.68,3090.76,2999.99,3093.03,3750830.0
2019-04-01,3111.66,3170.36,3111.66,3176.62,4661247.0
2019-04-02,3183.27,3176.82,3164.91,3193.27,4470690.0
2019-04-03,3159.15,3216.3,3152.33,3219.26,4305486.5
2019-04-04,3233.69,3246.57,3216.85,3254.14,4691176.5
2019-04-08,3271.27,3244.81,3210.52,3288.45,5045184.0
2019-04-09,3240.39,3239.66,3215.7,3251.65,3641700.0
2019-04-10,3224.65,3241.93,3204.88,3264.78,3801344.0
2019-04-11,3241.55,3189.96,3185.55,3254.13,3530318.75
2019-04-12,3184.86,3188.63,3168.04,3199.28,2897890.0
2019-04-15,3233.46,3177.79,3177.27,3253.98,3488097.75
2019-04-16,3164.4,3253.6,3153.21,3253.6,3579187.5
2019-04-17,3250.15,3263.12,3239.8,3275.33,3575418.0
2019-04-18,3261.07,3250.2,3241.83,3271.39,3255399.5
2019-04-19,3250.15,3270.8,3226.81,3274.33,3151980.0
2019-04-22,3278.49,3215.04,3206.88,3279.49,3532173.75
2019-04-23,3211.87,3198.59,3186.76,3231.58,3283612.0
2019-04-24,3203.56,3201.61,3156.61,3210.65,2748721.75
2019-04-25,3190.59,3123.83,3123.03,3193.75,3258791.25
2019-04-26,3108.16,3086.4,3085.8,3129.21,2808738.5
2019-04-29,3090.63,3062.5,3050.03,3107.76,2921148.75
2019-04-30,3052.62,3078.34,3052.62,3088.41,2223025.25
2019-05-06,2984.73,2906.46,2876.47,2986.54,3269722.75
2019-05-07,2914.29,2926.39,2889.07,2937.28,2532817.75
2019-05-08,2873.14,2893.76,2866.7,2929.43,2315305.25
2019-05-09,2871.2,2850.95,2845.04,2888.86,2000411.38
2019-05-10,2878.23,2939.21,2838.38,2941.45,2823068.0
2019-05-13,2905.07,2903.71,2892.17,2921.41,2120298.75
2019-05-14,2872.83,2883.61,2872.83,2909.2,2083453.5
2019-05-15,2902.64,2938.68,2902.64,2945.39,2305197.0
2019-05-16,2933.5,2955.71,2929.06,2956.17,2483857.0
2019-05-17,2955.77,2882.3,2873.8,2956.78,2663016.5
2019-05-20,2874.8,2870.6,2838.45,2882.63,2094724.38
2019-05-21,2867.71,2905.97,2862.5,2919.24,2113870.25
2019-05-22,2905.52,2891.7,2879.64,2912.4,2000269.0
2019-05-23,2880.84,2852.52,2846.96,2885.14,1973403.12
2019-05-24,2847.84,2852.99,2846.02,2871.86,1672054.88
2019-05-27,2851.28,2892.38,2833.04,2898.13,1967209.0
2019-05-28,2890.27,2909.91,2887.08,2924.04,2233105.5
2019-05-29,2894.83,2914.7,2890.66,2934.98,1989588.25
2019-05-30,2903.42,2905.81,2881.38,2907.85,2057587.88
2019-05-31,2904.5,2898.7,2895.58,2922.91,1952305.75
2019-06-03,2901.74,2890.08,2875.9,2920.83,2159435.5
2019-06-04,2887.64,2862.28,2851.97,2888.39,1884635.38
2019-06-05,2882.94,2861.42,2858.57,2888.77,1815610.5
2019-06-06,2862.33,2827.8,2822.19,2862.33,1770644.12
2019-06-10,2833.01,2852.13,2824.36,2861.13,1665859.12
2019-06-11,2854.07,2925.72,2854.07,2927.43,2605258.0
2019-06-12,2917.22,2909.38,2903.88,2924.7,2402557.75
2019-06-13,2905.29,2910.74,2885.92,2918.42,2129578.0
2019-06-14,2913.0,2881.97,2879.66,2924.32,2154358.0
2019-06-17,2880.42,2887.62,2877.39,2902.48,1539649.62
2019-06-18,2891.09,2890.16,2874.31,2898.33,1477053.25
2019-06-19,2944.12,2917.8,2916.21,2953.34,2307569.75
2019-06-20,2917.33,2987.12,2915.09,2997.39,2910115.25
2019-06-21,2990.37,3001.98,2989.25,3010.35,2869738.25
2019-06-24,3004.29,3008.15,2994.42,3012.83,2104939.0
2019-06-25,3004.91,2982.07,2948.99,3004.91,2436992.5
2019-06-26,2964.62,2976.28,2958.46,2986.91,1744495.38
2019-06-27,2982.61,2996.79,2981.05,3011.54,1953970.5
2019-06-28,2992.24,2978.88,2961.22,2992.24,1814315.25
2019-07-01,3024.62,3044.9,3014.69,3045.37,2508404.25
2019-07-02,3042.58,3043.94,3033.78,3048.48,2145206.25
2019-07-03,3031.83,3015.26,3006.32,3031.83,2122961.75
2019-07-04,3015.68,3005.25,2991.91,3024.5,1944151.38
2019-07-05,3004.74,3011.06,2990.92,3014.85,1567554.25
2019-07-08,2997.81,2933.36,2918.72,2997.81,2115412.75
2019-07-09,2928.82,2928.23,2912.81,2937.76,1451106.0
2019-07-10,2935.19,2915.3,2908.16,2936.75,1354835.38
2019-07-11,2928.06,2917.76,2907.89,2945.8,1436925.25
2019-07-12,2915.34,2930.55,2905.81,2938.53,1377947.62
2019-07-15,2921.55,2942.19,2886.7,2955.0,1676434.0
2019-07-16,2938.64,2937.62,2931.29,2944.82,1318117.5
2019-07-17,2933.02,2931.69,2924.46,2942.07,1496316.12
2019-07-18,2921.74,2901.18,2901.18,2921.74,1498888.25
2019-07-19,2909.68,2924.2,2909.68,2939.6,1494695.5
2019-07-22,2925.79,2886.97,2879.69,2927.16,1806749.62
2019-07-23,2886.9,2899.94,2883.05,2901.36,1293105.12
2019-07-24,2907.93,2923.28,2907.79,2936.45,1552457.62
2019-07-25,2923.19,2937.36,2916.15,2937.36,1456843.88
2019-07-26,2928.06,2944.54,2924.45,2948.33,1393433.88
2019-07-29,2943.92,2941.01,2932.98,2948.47,1279918.5
2019-07-30,2946.26,2952.34,2946.26,2965.63,1483164.62
2019-07-31,2944.4,2932.51,2926.49,2944.4,1410523.5
2019-08-01,2920.85,2908.77,2901.75,2927.34,1423898.12
2019-08-02,2861.33,2867.84,2851.44,2872.47,1848884.38
2019-08-05,2854.58,2821.5,2821.5,2863.69,1674194.25
2019-08-06,2776.99,2777.56,2733.92,2787.42,2311237.25
2019-08-07,2789.02,2768.68,2768.68,2792.69,1577167.5
2019-08-08,2784.18,2794.55,2782.24,2799.69,1495395.62
2019-08-09,2805.59,2774.75,2770.48,2808.33,1482402.88
2019-08-12,2781.98,2814.99,2776.62,2814.99,1315634.38
2019-08-13,2798.05,2797.26,2790.61,2802.04,1309165.0
2019-08-14,2824.49,2808.91,2807.72,2829.89,1440146.38
2019-08-15,2762.34,2815.8,2756.83,2815.9,1527721.5
2019-08-16,2817.57,2823.82,2811.8,2840.32,1485823.5
2019-08-19,2835.52,2883.1,2829.85,2883.1,2145466.75
2019-08-20,2879.08,2880.0,2875.0,2892.08,1896772.0
2019-08-21,2875.47,2880.33,2872.56,2885.59,1590196.62
2019-08-22,2887.66,2883.44,2867.55,2888.5,1492062.12
2019-08-23,2885.15,2897.43,2878.74,2902.46,1591568.25
2019-08-26,2851.02,2863.57,2849.24,2870.49,1698953.62
2019-08-27,2879.52,2902.19,2879.41,2919.64,2081418.0
2019-08-28,2901.63,2893.76,2887.01,2905.44,1830979.0
2019-08-29,2896.0,2890.92,2878.59,2898.6,1786130.88
2019-08-30,2907.38,2886.24,2874.1,2914.58,1939599.5
2019-09-02,2886.94,2924.11,2883.68,2928.48,2027868.12
2019-09-03,2925.94,2930.15,2915.2,2930.15,1890012.12
2019-09-04,2927.75,2957.41,2925.88,2957.41,2254959.0
2019-09-05,2972.66,2985.86,2972.66,3015.84,3054387.0
2019-09-06,2996.62,2999.6,2981.6,2999.94,2168260.25
2019-09-09,3023.78,3024.74,3005.69,3026.24,2433777.5
2019-09-10,3027.41,3021.2,3005.38,3027.41,2400129.5
2019-09-11,3029.93,3008.81,3004.22,3030.56,2298373.5
2019-09-12,3016.63,3031.24,3005.19,3033.47,1969687.0
2019-09-16,3041.92,3030.75,3020.05,3042.93,2218789.5
2019-09-17,3023.71,2978.12,2970.57,3023.71,2233380.5
2019-09-18,2984.08,2985.66,2982.4,2996.4,1680467.0
2019-09-19,2992.92,2999.28,2975.4,2999.28,1626906.12
2019-09-20,3004.81,3006.45,2996.19,3011.34,1821453.0
2019-09-23,2998.4,2977.08,2960.83,2998.4,1681394.5
2019-09-24,2979.48,2985.34,2973.76,3002.9,1639027.62
2019-09-25,2977.67,2955.43,2955.43,2977.67,1685431.38
2019-09-26,2964.48,2929.09,2928.26,2970.04,1889325.38
2019-09-27,2929.49,2932.17,2920.93,2939.08,1329057.75
2019-09-30,2927.92,2905.19,2905.19,2936.48,1166468.12
2019-10-08,2905.76,2913.57,2905.76,2933.02,1255358.12
2019-10-09,2902.08,2924.86,2891.54,2924.86,1304241.5
2019-10-10,2923.71,2947.71,2918.23,2949.24,1342397.5
2019-10-11,2954.82,2973.66,2943.01,2980.79,1612037.5
2019-10-14,2993.96,3007.88,2989.81,3026.38,2086148.0
2019-10-15,3005.66,2991.05,2986.3,3005.66,1553769.0
2019-10-16,2992.61,2978.71,2975.92,3010.42,1498855.0
2019-10-17,2979.99,2977.33,2969.57,2986.72,1225276.12
2019-10-18,2982.34,2938.14,2933.24,2987.2,1499906.75
2019-10-21,2933.9,2939.62,2917.69,2940.32,1324751.12
2019-10-22,2945.6,2954.38,2934.39,2954.64,1174820.5
2019-10-23,2952.97,2941.62,2934.63,2957.3,1238128.75
2019-10-24,2944.01,2940.92,2927.06,2953.04,1265402.88
2019-10-25,2940.47,2954.93,2920.52,2958.24,1368607.0
2019-10-28,2958.69,2980.05,2956.96,2980.13,1737314.75
2019-10-29,2979.04,2954.18,2954.18,2979.04,1661100.62
2019-10-30,2949.46,2939.32,2934.83,2953.3,1587981.12
2019-10-31,2944.84,2929.06,2923.52,2946.75,1615714.88
2019-11-01,2924.34,2958.2,2917.15,2959.83,1599073.75
2019-11-04,2964.58,2975.49,2964.58,2983.06,1672483.62
2019-11-05,2977.7,2991.56,2968.03,3008.31,1798915.88
2019-11-06,2992.04,2978.6,2969.72,2995.56,1652635.5
2019-11-07,2978.15,2978.71,2969.12,2988.96,1369526.75
2019-11-08,2993.98,2964.18,2962.84,2998.76,1497421.12
2019-11-11,2949.96,2909.97,2906.77,2949.96,1579161.0
2019-11-12,2913.0,2914.82,2891.51,2918.3,1297291.5
2019-11-13,2913.02,2905.24,2893.97,2913.86,1297658.38
2019-11-14,2907.74,2909.87,2899.62,2917.37,1291454.5
2019-11-15,2911.35,2891.34,2891.2,2917.83,1355194.62
2019-11-18,2889.55,2909.2,2884.09,2911.38,1244331.75
2019-11-19,2904.28,2933.99,2902.86,2933.99,1354176.0
2019-11-20,2928.11,2911.05,2907.42,2930.49,1373575.25
2019-11-21,2902.55,2903.64,2891.53,2910.36,1234586.12
2019-11-22,2906.24,2885.29,2873.99,2925.02,1586233.62
2019-11-25,2885.61,2906.17,2880.65,2906.61,1785874.25
2019-11-26,2912.52,2907.06,2897.93,2915.04,1700046.62
2019-11-27,2905.4,2903.19,2893.42,2914.49,1338622.0
2019-11-28,2902.36,2889.69,2883.43,2909.84,1195224.62
2019-11-29,2885.97,2871.98,2858.58,2892.39,1226129.62
2019-12-02,2874.45,2875.81,2870.24,2888.89,1287558.0
2019-12-03,2869.88,2884.7,2857.32,2884.86,1237787.38
2019-12-04,2876.91,2878.12,2869.42,2882.5,1255436.5
2019-12-05,2886.52,2899.47,2885.08,2902.0,1431631.0
2019-12-06,2902.28,2912.01,2894.75,2912.01,1341288.75
2019-12-09,2914.46,2914.48,2905.25,2919.59,1607965.25
2019-12-10,2908.94,2917.32,2902.79,2919.2,1701240.0
2019-12-11,2922.6,2924.42,2915.0,2928.26,1655410.88
2019-12-12,2926.34,2915.7,2913.48,2926.34,1517608.0
2019-12-13,2937.78,2967.68,2935.85,2969.98,2119785.75
2019-12-16,2970.97,2984.39,2958.71,2984.64,2118621.25
2019-12-17,2985.26,3022.42,2982.5,3039.38,2930322.5
2019-12-18,3021.47,3017.04,3011.72,3033.23,2440897.0
2019-12-19,3017.15,3017.07,3007.99,3021.42,2086242.62
2019-12-20,3019.64,3004.94,3002.26,3027.48,2150757.5
2019-12-23,2999.04,2962.75,2960.44,3009.34,2057166.12
2019-12-24,2965.83,2982.68,2960.68,2983.82,1630302.5
2019-12-25,2980.43,2981.88,2970.66,2988.29,1756540.25
2019-12-26,2981.25,3007.35,2980.4,3007.35,1824404.25
2019-12-27,3006.85,3005.04,3003.63,3036.11,2471027.75
2019-12-30,2998.17,3040.02,2983.34,3041.4,2480665.25
2019-12-31,3036.39,3050.12,3030.51,3051.68,2174290.25
2020-01-02,3066.34,3085.2,3066.34,3098.1,2924702.0
2020-01-02,3066.34,3085.2,3066.34,3098.1,2924702.0
2020-01-02,3066.34,3085.2,3066.34,3098.1,2924702.0
2020-01-03,3089.02,3083.79,3074.52,3093.82,2614966.75
2020-01-03,3089.02,3083.79,3074.52,3093.82,2614966.75
2020-01-03,3089.02,3083.79,3074.52,3093.82,2614966.75
2020-01-06,3070.91,3083.41,3065.31,3107.2,3125758.5
2020-01-06,3070.91,3083.41,3065.31,3107.2,3125758.5
2020-01-06,3070.91,3083.41,3065.31,3107.2,3125758.5
2020-01-07,3085.49,3104.8,3084.33,3105.45,2765831.0
2020-01-07,3085.49,3104.8,3084.33,3105.45,2765831.0
2020-01-07,3085.49,3104.8,3084.33,3105.45,2765831.0
2020-01-08,3094.24,3066.89,3059.13,3094.24,2978725.5
2020-01-08,3094.24,3066.89,3059.13,3094.24,2978725.5
2020-01-08,3094.24,3066.89,3059.13,3094.24,2978725.5
2020-01-09,3082.64,3094.88,3080.13,3097.33,2434356.5
2020-01-09,3082.64,3094.88,3080.13,3097.33,2434356.5
2020-01-09,3082.64,3094.88,3080.13,3097.33,2434356.5
2020-01-10,3102.29,3092.29,3081.4,3105.22,2104424.5
2020-01-10,3102.29,3092.29,3081.4,3105.22,2104424.5
2020-01-10,3102.29,3092.29,3081.4,3105.22,2104424.5
2020-01-13,3091.49,3115.57,3075.38,3115.57,2106210.0
2020-01-13,3091.49,3115.57,3075.38,3115.57,2106210.0
2020-01-13,3091.49,3115.57,3075.38,3115.57,2106210.0
2020-01-14,3120.67,3106.82,3105.6,3127.17,2299737.75
2020-01-14,3120.67,3106.82,3105.6,3127.17,2299737.75
2020-01-14,3120.67,3106.82,3105.6,3127.17,2299737.75
2020-01-15,3103.17,3090.04,3082.04,3107.94,2023130.25
2020-01-15,3103.17,3090.04,3082.04,3107.94,2023130.25
2020-01-15,3103.17,3090.04,3082.04,3107.94,2023130.25
2020-01-16,3095.73,3074.08,3070.88,3096.37,2033754.75
2020-01-16,3095.73,3074.08,3070.88,3096.37,2033754.75
2020-01-16,3095.73,3074.08,3070.88,3096.37,2033754.75
2020-01-17,3081.46,3075.5,3067.25,3091.95,1903043.0
2020-01-17,3081.46,3075.5,3067.25,3091.95,1903043.0
2020-01-17,3081.46,3075.5,3067.25,3091.95,1903043.0
2020-01-20,3082.11,3095.79,3070.48,3096.31,2104933.5
2020-01-20,3082.11,3095.79,3070.48,3096.31,2104933.5
2020-01-20,3082.11,3095.79,3070.48,3096.31,2104933.5
2020-01-21,3085.79,3052.14,3051.23,3085.79,2348307.5
2020-01-21,3085.79,3052.14,3051.23,3085.79,2348307.5
2020-01-21,3085.79,3052.14,3051.23,3085.79,2348307.5
2020-01-22,3038.49,3060.75,3006.27,3069.25,2238528.75
2020-01-22,3038.49,3060.75,3006.27,3069.25,2238528.75
2020-01-22,3038.49,3060.75,3006.27,3069.25,2238528.75
2020-01-23,3037.95,2976.53,2955.35,3045.04,2727632.25
2020-01-23,3037.95,2976.53,2955.35,3045.04,2727632.25
2020-01-23,3037.95,2976.53,2955.35,3045.04,2727632.25
2020-02-03,2716.7,2746.61,2716.7,2766.58,2159121.0
2020-02-03,2716.7,2746.61,2716.7,2766.58,2159121.0
2020-02-03,2716.7,2746.61,2716.7,2766.58,2159121.0
2020-02-04,2685.27,2783.29,2685.27,2786.16,3640462.0
2020-02-04,2685.27,2783.29,2685.27,2786.16,3640462.0
2020-02-04,2685.27,2783.29,2685.27,2786.16,3640462.0
2020-02-04,2685.27,2783.29,2685.27,2786.16,3640462.0
2020-02-04,2685.27,2783.29,2685.27,2786.16,3640462.0
2020-02-05,2792.37,2818.09,2778.86,2842.74,3097618.25
2020-02-05,2792.37,2818.09,2778.86,2842.74,3097618.25
2020-02-05,2792.37,2818.09,2778.86,2842.74,3097618.25
2020-02-05,2792.37,2818.09,2778.86,2842.74,3097618.25
2020-02-05,2792.37,2818.09,2778.86,2842.74,3097618.25
2020-02-06,2826.89,2866.51,2807.61,2876.59,3163921.5
2020-02-06,2826.89,2866.51,2807.61,2876.59,3163921.5
2020-02-06,2826.89,2866.51,2807.61,2876.59,3163921.5
2020-02-06,2826.89,2866.51,2807.61,2876.59,3163921.5
2020-02-06,2826.89,2866.51,2807.61,2876.59,3163921.5
2020-02-07,2858.93,2875.96,2838.77,2875.96,3094796.5
2020-02-07,2858.93,2875.96,2838.77,2875.96,3094796.5
2020-02-07,2858.93,2875.96,2838.77,2875.96,3094796.5
2020-02-07,2858.93,2875.96,2838.77,2875.96,3094796.5
2020-02-07,2858.93,2875.96,2838.77,2875.96,3094796.5
2020-02-10,2860.5,2890.49,2851.05,2891.85,2949297.75
2020-02-10,2860.5,2890.49,2851.05,2891.85,2949297.75
2020-02-10,2860.5,2890.49,2851.05,2891.85,2949297.75
2020-02-10,2860.5,2890.49,2851.05,2891.85,2949297.75
2020-02-10,2860.5,2890.49,2851.05,2891.85,2949297.75
2020-02-11,2894.54,2901.67,2882.24,2913.82,2691683.25
2020-02-11,2894.54,2901.67,2882.24,2913.82,2691683.25
2020-02-11,2894.54,2901.67,2882.24,2913.82,2691683.25
2020-02-11,2894.54,2901.67,2882.24,2913.82,2691683.25
2020-02-11,2894.54,2901.67,2882.24,2913.82,2691683.25
2020-02-12,2895.56,2926.9,2892.42,2926.9,2487334.25
2020-02-12,2895.56,2926.9,2892.42,2926.9,2487334.25
2020-02-12,2895.56,2926.9,2892.42,2926.9,2487334.25
2020-02-12,2895.56,2926.9,2892.42,2926.9,2487334.25
2020-02-12,2895.56,2926.9,2892.42,2926.9,2487334.25
2020-02-13,2927.14,2906.07,2901.24,2935.41,2748048.5
2020-02-13,2927.14,2906.07,2901.24,2935.41,2748048.5
2020-02-13,2927.14,2906.07,2901.24,2935.41,2748048.5
2020-02-13,2927.14,2906.07,2901.24,2935.41,2748048.5
2020-02-13,2927.14,2906.07,2901.24,2935.41,2748048.5
2020-02-14,2899.87,2917.01,2899.57,2926.94,2506506.25
2020-02-14,2899.87,2917.01,2899.57,2926.94,2506506.25
2020-02-14,2899.87,2917.01,2899.57,2926.94,2506506.25
2020-02-14,2899.87,2917.01,2899.57,2926.94,2506506.25
2020-02-14,2899.87,2917.01,2899.57,2926.94,2506506.25
2020-02-17,2924.99,2983.62,2924.99,2983.64,3131980.0
2020-02-17,2924.99,2983.62,2924.99,2983.64,3131980.0
2020-02-17,2924.99,2983.62,2924.99,2983.64,3131980.0
2020-02-17,2924.99,2983.62,2924.99,2983.64,3131980.0
2020-02-17,2924.99,2983.62,2924.99,2983.64,3131980.0
2020-02-18,2981.41,2984.97,2960.78,2990.6,3116659.25
2020-02-18,2981.41,2984.97,2960.78,2990.6,3116659.25
2020-02-18,2981.41,2984.97,2960.78,2990.6,3116659.25
2020-02-18,2981.41,2984.97,2960.78,2990.6,3116659.25
2020-02-18,2981.41,2984.97,2960.78,2990.6,3116659.25
2020-02-19,2979.52,2975.4,2971.82,2998.27,3151411.5
2020-02-19,2979.52,2975.4,2971.82,2998.27,3151411.5
2020-02-19,2979.52,2975.4,2971.82,2998.27,3151411.5
2020-02-19,2979.52,2975.4,2971.82,2998.27,3151411.5
2020-02-19,2979.52,2975.4,2971.82,2998.27,3151411.5
2020-02-20,2981.88,3030.15,2968.45,3031.37,3457328.75
2020-02-20,2981.88,3030.15,2968.45,3031.37,3457328.75
2020-02-20,2981.88,3030.15,2968.45,3031.37,3457328.75
2020-02-20,2981.88,3030.15,2968.45,3031.37,3457328.75
2020-02-20,2981.88,3030.15,2968.45,3031.37,3457328.75
2020-02-21,3022.25,3039.67,3020.14,3058.9,3645572.75
2020-02-21,3022.25,3039.67,3020.14,3058.9,3645572.75
2020-02-21,3022.25,3039.67,3020.14,3058.9,3645572.75
2020-02-21,3022.25,3039.67,3020.14,3058.9,3645572.75
2020-02-21,3022.25,3039.67,3020.14,3058.9,3645572.75
2020-02-24,3027.89,3031.23,3007.36,3042.18,3704300.5
2020-02-24,3027.89,3031.23,3007.36,3042.18,3704300.5
2020-02-24,3027.89,3031.23,3007.36,3042.18,3704300.5
2020-02-24,3027.89,3031.23,3007.36,3042.18,3704300.5
2020-02-24,3027.89,3031.23,3007.36,3042.18,3704300.5
2020-02-25,2982.07,3013.05,2943.72,3016.95,4416227.5
2020-02-25,2982.07,3013.05,2943.72,3016.95,4416227.5
2020-02-25,2982.07,3013.05,2943.72,3016.95,4416227.5
2020-02-25,2982.07,3013.05,2943.72,3016.95,4416227.5
2020-02-25,2982.07,3013.05,2943.72,3016.95,4416227.5
2020-02-26,2978.42,2987.93,2974.94,3028.78,4690495.5
2020-02-26,2978.42,2987.93,2974.94,3028.78,4690495.5
2020-02-26,2978.42,2987.93,2974.94,3028.78,4690495.5
2020-02-26,2978.42,2987.93,2974.94,3028.78,4690495.5
2020-02-26,2978.42,2987.93,2974.94,3028.78,4690495.5
2020-02-27,2992.49,2991.33,2980.48,3009.46,3505236.5
2020-02-27,2992.49,2991.33,2980.48,3009.46,3505236.5
2020-02-27,2992.49,2991.33,2980.48,3009.46,3505236.5
2020-02-27,2992.49,2991.33,2980.48,3009.46,3505236.5
2020-02-27,2992.49,2991.33,2980.48,3009.46,3505236.5
2020-02-28,2924.64,2880.3,2878.54,2948.13,4012169.25
2020-02-28,2924.64,2880.3,2878.54,2948.13,4012169.25
2020-02-28,2924.64,2880.3,2878.54,2948.13,4012169.25
2020-02-28,2924.64,2880.3,2878.54,2948.13,4012169.25
2020-02-28,2924.64,2880.3,2878.54,2948.13,4012169.25
2020-03-02,2899.31,2970.93,2899.31,2982.51,3673333.75
2020-03-02,2899.31,2970.93,2899.31,2982.51,3673333.75
2020-03-02,2899.31,2970.93,2899.31,2982.51,3673333.75
2020-03-02,2899.31,2970.93,2899.31,2982.51,3673333.75
2020-03-02,2899.31,2970.93,2899.31,2982.51,3673333.75
2020-03-03,3006.89,2992.9,2976.62,3026.84,4101080.5
2020-03-03,3006.89,2992.9,2976.62,3026.84,4101080.5
2020-03-03,3006.89,2992.9,2976.62,3026.84,4101080.5
2020-03-03,3006.89,2992.9,2976.62,3026.84,4101080.5
2020-03-03,3006.89,2992.9,2976.62,3026.84,4101080.5
2020-03-04,2981.81,3011.67,2974.36,3012.0,3533382.75
2020-03-04,2981.81,3011.67,2974.36,3012.0,3533382.75
2020-03-04,2981.81,3011.67,2974.36,3012.0,3533382.75
2020-03-04,2981.81,3011.67,2974.36,3012.0,3533382.75
2020-03-04,2981.81,3011.67,2974.36,3012.0,3533382.75
2020-03-05,3036.15,3071.68,3022.93,3074.26,4454258.0
2020-03-05,3036.15,3071.68,3022.93,3074.26,4454258.0
2020-03-05,3036.15,3071.68,3022.93,3074.26,4454258.0
2020-03-05,3036.15,3071.68,3022.93,3074.26,4454258.0
2020-03-05,3036.15,3071.68,3022.93,3074.26,4454258.0
2020-03-06,3039.94,3034.51,3029.46,3052.44,3620615.25
2020-03-06,3039.94,3034.51,3029.46,3052.44,3620615.25
2020-03-06,3039.94,3034.51,3029.46,3052.44,3620615.25
2020-03-06,3039.94,3034.51,3029.46,3052.44,3620615.25
2020-03-06,3039.94,3034.51,3029.46,3052.44,3620615.25
2020-03-09,2987.18,2943.29,2940.71,2989.21,4145607.25
2020-03-09,2987.18,2943.29,2940.71,2989.21,4145607.25
2020-03-09,2987.18,2943.29,2940.71,2989.21,4145607.25
2020-03-09,2987.18,2943.29,2940.71,2989.21,4145607.25
2020-03-09,2987.18,2943.29,2940.71,2989.21,4145607.25
2020-03-10,2918.93,2996.76,2904.8,3000.3,3932966.5
2020-03-10,2918.93,2996.76,2904.8,3000.3,3932966.5
2020-03-10,2918.93,2996.76,2904.8,3000.3,3932966.5
2020-03-10,2918.93,2996.76,2904.8,3000.3,3932966.5
2020-03-10,2918.93,2996.76,2904.8,3000.3,3932966.5
2020-03-11,3001.76,2968.52,2968.52,3010.03,3524709.75
2020-03-11,3001.76,2968.52,2968.52,3010.03,3524709.75
2020-03-11,3001.76,2968.52,2968.52,3010.03,3524709.75
2020-03-11,3001.76,2968.52,2968.52,3010.03,3524709.75
2020-03-11,3001.76,2968.52,2968.52,3010.03,3524709.75
2020-03-12,2936.02,2923.49,2906.28,2944.47,3077784.5
2020-03-12,2936.02,2923.49,2906.28,2944.47,3077784.5
2020-03-12,2936.02,2923.49,2906.28,2944.47,3077784.5
2020-03-12,2936.02,2923.49,2906.28,2944.47,3077784.5
2020-03-12,2936.02,2923.49,2906.28,2944.47,3077784.5
2020-03-13,2804.23,2887.43,2799.98,2910.88,3664504.25
2020-03-13,2804.23,2887.43,2799.98,2910.88,3664504.25
2020-03-13,2804.23,2887.43,2799.98,2910.88,3664504.25
2020-03-13,2804.23,2887.43,2799.98,2910.88,3664504.25
2020-03-13,2804.23,2887.43,2799.98,2910.88,3664504.25
2020-03-16,2897.3,2789.25,2784.66,2898.03,3518786.75
2020-03-16,2897.3,2789.25,2784.66,2898.03,3518786.75
2020-03-16,2897.3,2789.25,2784.66,2898.03,3518786.75
2020-03-16,2897.3,2789.25,2784.66,2898.03,3518786.75
2020-03-16,2897.3,2789.25,2784.66,2898.03,3518786.75
2020-03-17,2796.28,2779.64,2715.22,2826.91,3061496.75
2020-03-17,2796.28,2779.64,2715.22,2826.91,3061496.75
2020-03-17,2796.28,2779.64,2715.22,2826.91,3061496.75
2020-03-17,2796.28,2779.64,2715.22,2826.91,3061496.75
2020-03-17,2796.28,2779.64,2715.22,2826.91,3061496.75
2020-03-18,2792.32,2728.76,2728.76,2815.87,2911598.5
2020-03-18,2792.32,2728.76,2728.76,2815.87,2911598.5
2020-03-18,2792.32,2728.76,2728.76,2815.87,2911598.5
2020-03-18,2792.32,2728.76,2728.76,2815.87,2911598.5
2020-03-18,2792.32,2728.76,2728.76,2815.87,2911598.5
2020-03-19,2719.41,2702.13,2646.8,2736.82,3023027.5
2020-03-19,2719.41,2702.13,2646.8,2736.82,3023027.5
2020-03-19,2719.41,2702.13,2646.8,2736.82,3023027.5
2020-03-19,2719.41,2702.13,2646.8,2736.82,3023027.5
2020-03-19,2719.41,2702.13,2646.8,2736.82,3023027.5
2020-03-20,2727.02,2745.62,2702.49,2751.9,2520195.0
2020-03-20,2727.02,2745.62,2702.49,2751.9,2520195.0
2020-03-20,2727.02,2745.62,2702.49,2751.9,2520195.0
2020-03-20,2727.02,2745.62,2702.49,2751.9,2520195.0
2020-03-20,2727.02,2745.62,2702.49,2751.9,2520195.0
2020-03-23,2677.59,2660.17,2656.5,2703.33,2498202.5
2020-03-23,2677.59,2660.17,2656.5,2703.33,2498202.5
2020-03-23,2677.59,2660.17,2656.5,2703.33,2498202.5
2020-03-23,2677.59,2660.17,2656.5,2703.33,2498202.5
2020-03-23,2677.59,2660.17,2656.5,2703.33,2498202.5
2020-03-24,2703.02,2722.44,2667.13,2723.41,2570219.25
2020-03-24,2703.02,2722.44,2667.13,2723.41,2570219.25
2020-03-24,2703.02,2722.44,2667.13,2723.41,2570219.25
2020-03-24,2703.02,2722.44,2667.13,2723.41,2570219.25
2020-03-24,2703.02,2722.44,2667.13,2723.41,2570219.25
2020-03-25,2775.3,2781.59,2757.8,2788.64,2731444.75
2020-03-25,2775.3,2781.59,2757.8,2788.64,2731444.75
2020-03-25,2775.3,2781.59,2757.8,2788.64,2731444.75
2020-03-25,2775.3,2781.59,2757.8,2788.64,2731444.75
2020-03-25,2775.3,2781.59,2757.8,2788.64,2731444.75
2020-03-26,2761.9,2764.91,2753.43,2788.5,2340840.25
2020-03-26,2761.9,2764.91,2753.43,2788.5,2340840.25
2020-03-26,2761.9,2764.91,2753.43,2788.5,2340840.25
2020-03-26,2761.9,2764.91,2753.43,2788.5,2340840.25
2020-03-26,2761.9,2764.91,2753.43,2788.5,2340840.25
2020-03-27,2792.98,2772.2,2771.76,2805.55,2407640.75
2020-03-27,2792.98,2772.2,2771.76,2805.55,2407640.75
2020-03-27,2792.98,2772.2,2771.76,2805.55,2407640.75
2020-03-27,2792.98,2772.2,2771.76,2805.55,2407640.75
2020-03-27,2792.98,2772.2,2771.76,2805.55,2407640.75
2020-03-30,2739.72,2747.21,2723.05,2759.1,2397066.0
2020-03-30,2739.72,2747.21,2723.05,2759.1,2397066.0
2020-03-30,2739.72,2747.21,2723.05,2759.1,2397066.0
2020-03-30,2739.72,2747.21,2723.05,2759.1,2397066.0
2020-03-30,2739.72,2747.21,2723.05,2759.1,2397066.0
2020-03-31,2767.31,2750.3,2743.12,2771.17,2185986.75
2020-03-31,2767.31,2750.3,2743.12,2771.17,2185986.75
2020-03-31,2767.31,2750.3,2743.12,2771.17,2185986.75
2020-03-31,2767.31,2750.3,2743.12,2771.17,2185986.75
2020-03-31,2767.31,2750.3,2743.12,2771.17,2185986.75
2020-04-01,2743.54,2734.52,2731.08,2773.36,2172534.25
2020-04-01,2743.54,2734.52,2731.08,2773.36,2172534.25
2020-04-01,2743.54,2734.52,2731.08,2773.36,2172534.25
2020-04-01,2743.54,2734.52,2731.08,2773.36,2172534.25
2020-04-01,2743.54,2734.52,2731.08,2773.36,2172534.25
2020-04-02,2720.23,2780.64,2719.9,2780.64,2178646.0
2020-04-02,2720.23,2780.64,2719.9,2780.64,2178646.0
2020-04-02,2720.23,2780.64,2719.9,2780.64,2178646.0
2020-04-02,2720.23,2780.64,2719.9,2780.64,2178646.0
2020-04-02,2720.23,2780.64,2719.9,2780.64,2178646.0
2020-04-03,2773.58,2763.99,2754.07,2780.59,2008374.0
2020-04-03,2773.58,2763.99,2754.07,2780.59,2008374.0
2020-04-03,2773.58,2763.99,2754.07,2780.59,2008374.0
2020-04-03,2773.58,2763.99,2754.07,2780.59,2008374.0
2020-04-03,2773.58,2763.99,2754.07,2780.59,2008374.0
2020-04-07,2806.97,2820.76,2801.84,2823.28,2701981.75
2020-04-07,2806.97,2820.76,2801.84,2823.28,2701981.75
2020-04-07,2806.97,2820.76,2801.84,2823.28,2701981.75
2020-04-07,2806.97,2820.76,2801.84,2823.28,2701981.75
2020-04-07,2806.97,2820.76,2801.84,2823.28,2701981.75
2020-04-08,2805.92,2815.37,2800.3,2823.21,2435153.0
2020-04-08,2805.92,2815.37,2800.3,2823.21,2435153.0
2020-04-08,2805.92,2815.37,2800.3,2823.21,2435153.0
2020-04-08,2805.92,2815.37,2800.3,2823.21,2435153.0
2020-04-08,2805.92,2815.37,2800.3,2823.21,2435153.0
2020-04-09,2825.84,2825.9,2820.43,2832.4,2381848.5
2020-04-09,2825.84,2825.9,2820.43,2832.4,2381848.5
2020-04-09,2825.84,2825.9,2820.43,2832.4,2381848.5
2020-04-09,2825.84,2825.9,2820.43,2832.4,2381848.5
2020-04-09,2825.84,2825.9,2820.43,2832.4,2381848.5
2020-04-10,2827.19,2796.63,2789.98,2833.01,2334547.75
2020-04-10,2827.19,2796.63,2789.98,2833.01,2334547.75
2020-04-10,2827.19,2796.63,2789.98,2833.01,2334547.75
2020-04-10,2827.19,2796.63,2789.98,2833.01,2334547.75
2020-04-10,2827.19,2796.63,2789.98,2833.01,2334547.75
2020-04-13,2784.6,2783.05,2774.08,2792.89,1771245.5
2020-04-13,2784.6,2783.05,2774.08,2792.89,1771245.5
2020-04-13,2784.6,2783.05,2774.08,2792.89,1771245.5
2020-04-13,2784.6,2783.05,2774.08,2792.89,1771245.5
2020-04-13,2784.6,2783.05,2774.08,2792.89,1771245.5
2020-04-14,2794.8,2827.28,2789.43,2827.3,2026965.75
2020-04-14,2794.8,2827.28,2789.43,2827.3,2026965.75
2020-04-14,2794.8,2827.28,2789.43,2827.3,2026965.75
2020-04-14,2794.8,2827.28,2789.43,2827.3,2026965.75
2020-04-14,2794.8,2827.28,2789.43,2827.3,2026965.75
2020-04-15,2826.66,2811.17,2808.7,2829.75,2056211.5
2020-04-15,2826.66,2811.17,2808.7,2829.75,2056211.5
2020-04-15,2826.66,2811.17,2808.7,2829.75,2056211.5
2020-04-15,2826.66,2811.17,2808.7,2829.75,2056211.5
2020-04-15,2826.66,2811.17,2808.7,2829.75,2056211.5
2020-04-16,2798.43,2819.94,2796.84,2823.34,2030037.75
2020-04-16,2798.43,2819.94,2796.84,2823.34,2030037.75
2020-04-16,2798.43,2819.94,2796.84,2823.34,2030037.75
2020-04-16,2798.43,2819.94,2796.84,2823.34,2030037.75
2020-04-16,2798.43,2819.94,2796.84,2823.34,2030037.75
2020-04-17,2835.56,2838.49,2830.02,2854.96,2457367.5
2020-04-17,2835.56,2838.49,2830.02,2854.96,2457367.5
2020-04-17,2835.56,2838.49,2830.02,2854.96,2457367.5
2020-04-17,2835.56,2838.49,2830.02,2854.96,2457367.5
2020-04-17,2835.56,2838.49,2830.02,2854.96,2457367.5
2020-04-20,2840.41,2852.55,2833.26,2852.99,2118470.75
2020-04-20,2840.41,2852.55,2833.26,2852.99,2118470.75
2020-04-20,2840.41,2852.55,2833.26,2852.99,2118470.75
2020-04-20,2840.41,2852.55,2833.26,2852.99,2118470.75
2020-04-20,2840.41,2852.55,2833.26,2852.99,2118470.75
2020-04-21,2842.24,2827.01,2808.02,2842.24,2332358.75
2020-04-21,2842.24,2827.01,2808.02,2842.24,2332358.75
2020-04-21,2842.24,2827.01,2808.02,2842.24,2332358.75
2020-04-21,2842.24,2827.01,2808.02,2842.24,2332358.75
2020-04-21,2842.24,2827.01,2808.02,2842.24,2332358.75
2020-04-22,2814.07,2843.98,2808.48,2843.98,2173200.0
2020-04-22,2814.07,2843.98,2808.48,2843.98,2173200.0
2020-04-22,2814.07,2843.98,2808.48,2843.98,2173200.0
2020-04-22,2814.07,2843.98,2808.48,2843.98,2173200.0
2020-04-22,2814.07,2843.98,2808.48,2843.98,2173200.0
2020-04-23,2850.51,2838.5,2835.9,2853.64,2487790.25
2020-04-23,2850.51,2838.5,2835.9,2853.64,2487790.25
2020-04-23,2850.51,2838.5,2835.9,2853.64,2487790.25
2020-04-23,2850.51,2838.5,2835.9,2853.64,2487790.25
2020-04-23,2850.51,2838.5,2835.9,2853.64,2487790.25
2020-04-24,2834.94,2808.53,2802.5,2834.94,2351850.75
2020-04-24,2834.94,2808.53,2802.5,2834.94,2351850.75
2020-04-24,2834.94,2808.53,2802.5,2834.94,2351850.75
2020-04-24,2834.94,2808.53,2802.5,2834.94,2351850.75
2020-04-24,2834.94,2808.53,2802.5,2834.94,2351850.75
2020-04-27,2812.24,2815.49,2802.96,2832.67,2101309.75
2020-04-27,2812.24,2815.49,2802.96,2832.67,2101309.75
2020-04-27,2812.24,2815.49,2802.96,2832.67,2101309.75
2020-04-27,2812.24,2815.49,2802.96,2832.67,2101309.75
2020-04-27,2812.24,2815.49,2802.96,2832.67,2101309.75
2020-04-28,2819.99,2810.02,2758.25,2821.75,2538727.5
2020-04-28,2819.99,2810.02,2758.25,2821.75,2538727.5
2020-04-28,2819.99,2810.02,2758.25,2821.75,2538727.5
2020-04-28,2819.99,2810.02,2758.25,2821.75,2538727.5
2020-04-28,2819.99,2810.02,2758.25,2821.75,2538727.5
2020-04-29,2801.38,2822.44,2800.74,2831.76,2020618.12
2020-04-29,2801.38,2822.44,2800.74,2831.76,2020618.12
2020-04-29,2801.38,2822.44,2800.74,2831.76,2020618.12
2020-04-29,2801.38,2822.44,2800.74,2831.76,2020618.12
2020-04-29,2801.38,2822.44,2800.74,2831.76,2020618.12
2020-04-30,2832.38,2860.08,2832.38,2865.59,2424552.75
2020-04-30,2832.38,2860.08,2832.38,2865.59,2424552.75
2020-04-30,2832.38,2860.08,2832.38,2865.59,2424552.75
2020-04-30,2832.38,2860.08,2832.38,2865.59,2424552.75
2020-04-30,2832.38,2860.08,2832.38,2865.59,2424552.75
2020-05-06,2831.63,2878.14,2830.65,2879.26,2498266.25
2020-05-06,2831.63,2878.14,2830.65,2879.26,2498266.25
2020-05-06,2831.63,2878.14,2830.65,2879.26,2498266.25
2020-05-06,2831.63,2878.14,2830.65,2879.26,2498266.25
2020-05-06,2831.63,2878.14,2830.65,2879.26,2498266.25
2020-05-07,2876.47,2871.52,2864.58,2882.02,2267369.5
2020-05-07,2876.47,2871.52,2864.58,2882.02,2267369.5
2020-05-07,2876.47,2871.52,2864.58,2882.02,2267369.5
2020-05-07,2876.47,2871.52,2864.58,2882.02,2267369.5
2020-05-07,2876.47,2871.52,2864.58,2882.02,2267369.5
2020-05-08,2882.71,2895.34,2879.2,2903.8,2268220.75
2020-05-08,2882.71,2895.34,2879.2,2903.8,2268220.75
2020-05-08,2882.71,2895.34,2879.2,2903.8,2268220.75
2020-05-08,2882.71,2895.34,2879.2,2903.8,2268220.75
2020-05-08,2882.71,2895.34,2879.2,2903.8,2268220.75
2020-05-11,2901.57,2894.8,2884.38,2914.28,2251204.0
2020-05-11,2901.57,2894.8,2884.38,2914.28,2251204.0
2020-05-11,2901.57,2894.8,2884.38,2914.28,2251204.0
2020-05-11,2901.57,2894.8,2884.38,2914.28,2251204.0
2020-05-11,2901.57,2894.8,2884.38,2914.28,2251204.0
2020-05-12,2894.62,2891.56,2871.23,2897.9,1970829.88
2020-05-12,2894.62,2891.56,2871.23,2897.9,1970829.88
2020-05-12,2894.62,2891.56,2871.23,2897.9,1970829.88
2020-05-12,2894.62,2891.56,2871.23,2897.9,1970829.88
2020-05-12,2894.62,2891.56,2871.23,2897.9,1970829.88
2020-05-13,2882.96,2898.05,2875.54,2900.26,1850613.12
2020-05-13,2882.96,2898.05,2875.54,2900.26,1850613.12
2020-05-13,2882.96,2898.05,2875.54,2900.26,1850613.12
2020-05-13,2882.96,2898.05,2875.54,2900.26,1850613.12
2020-05-13,2882.96,2898.05,2875.54,2900.26,1850613.12
2020-05-14,2887.06,2870.34,2869.18,2887.06,1977762.0
2020-05-14,2887.06,2870.34,2869.18,2887.06,1977762.0
2020-05-14,2887.06,2870.34,2869.18,2887.06,1977762.0
2020-05-14,2887.06,2870.34,2869.18,2887.06,1977762.0
2020-05-14,2887.06,2870.34,2869.18,2887.06,1977762.0
2020-05-15,2880.71,2868.46,2863.37,2884.22,1889835.88
2020-05-15,2880.71,2868.46,2863.37,2884.22,1889835.88
2020-05-15,2880.71,2868.46,2863.37,2884.22,1889835.88
2020-05-15,2880.71,2868.46,2863.37,2884.22,1889835.88
2020-05-15,2880.71,2868.46,2863.37,2884.22,1889835.88
2020-05-18,2872.52,2875.42,2862.27,2889.98,2260228.75
2020-05-18,2872.52,2875.42,2862.27,2889.98,2260228.75
2020-05-18,2872.52,2875.42,2862.27,2889.98,2260228.75
2020-05-18,2872.52,2875.42,2862.27,2889.98,2260228.75
2020-05-18,2872.52,2875.42,2862.27,2889.98,2260228.75
2020-05-19,2897.69,2898.58,2887.58,2900.22,1972224.0
2020-05-19,2897.69,2898.58,2887.58,2900.22,1972224.0
2020-05-19,2897.69,2898.58,2887.58,2900.22,1972224.0
2020-05-19,2897.69,2898.58,2887.58,2900.22,1972224.0
2020-05-19,2897.69,2898.58,2887.58,2900.22,1972224.0
2020-05-20,2896.47,2883.74,2876.18,2896.47,2105199.75
2020-05-20,2896.47,2883.74,2876.18,2896.47,2105199.75
2020-05-20,2896.47,2883.74,2876.18,2896.47,2105199.75
2020-05-20,2896.47,2883.74,2876.18,2896.47,2105199.75
2020-05-20,2896.47,2883.74,2876.18,2896.47,2105199.75
2020-05-21,2890.72,2867.92,2864.21,2891.52,2035320.38
2020-05-21,2890.72,2867.92,2864.21,2891.52,2035320.38
2020-05-21,2890.72,2867.92,2864.21,2891.52,2035320.38
2020-05-21,2890.72,2867.92,2864.21,2891.52,2035320.38
2020-05-21,2890.72,2867.92,2864.21,2891.52,2035320.38
2020-05-22,2863.05,2813.77,2808.02,2863.05,2090637.12
2020-05-22,2863.05,2813.77,2808.02,2863.05,2090637.12
2020-05-22,2863.05,2813.77,2808.02,2863.05,2090637.12
2020-05-22,2863.05,2813.77,2808.02,2863.05,2090637.12
2020-05-22,2863.05,2813.77,2808.02,2863.05,2090637.12
2020-05-25,2816.24,2817.97,2802.47,2821.5,1728855.62
2020-05-25,2816.24,2817.97,2802.47,2821.5,1728855.62
2020-05-25,2816.24,2817.97,2802.47,2821.5,1728855.62
2020-05-25,2816.24,2817.97,2802.47,2821.5,1728855.62
2020-05-25,2816.24,2817.97,2802.47,2821.5,1728855.62
2020-05-26,2827.9,2846.55,2825.9,2848.34,1745623.75
2020-05-26,2827.9,2846.55,2825.9,2848.34,1745623.75
2020-05-26,2827.9,2846.55,2825.9,2848.34,1745623.75
2020-05-26,2827.9,2846.55,2825.9,2848.34,1745623.75
2020-05-26,2827.9,2846.55,2825.9,2848.34,1745623.75
2020-05-27,2847.32,2836.8,2831.93,2849.0,1981493.38
2020-05-27,2847.32,2836.8,2831.93,2849.0,1981493.38
2020-05-27,2847.32,2836.8,2831.93,2849.0,1981493.38
2020-05-27,2847.32,2836.8,2831.93,2849.0,1981493.38
2020-05-27,2847.32,2836.8,2831.93,2849.0,1981493.38
2020-05-28,2838.21,2846.22,2820.15,2861.92,2075460.25
2020-05-28,2838.21,2846.22,2820.15,2861.92,2075460.25
2020-05-28,2838.21,2846.22,2820.15,2861.92,2075460.25
2020-05-28,2838.21,2846.22,2820.15,2861.92,2075460.25
2020-05-28,2838.21,2846.22,2820.15,2861.92,2075460.25
2020-05-29,2835.58,2852.35,2829.63,2855.38,2067928.0
2020-05-29,2835.58,2852.35,2829.63,2855.38,2067928.0
2020-05-29,2835.58,2852.35,2829.63,2855.38,2067928.0
2020-05-29,2835.58,2852.35,2829.63,2855.38,2067928.0
2020-05-29,2835.58,2852.35,2829.63,2855.38,2067928.0
2020-06-01,2871.96,2915.43,2871.96,2917.15,2601960.5
2020-06-01,2871.96,2915.43,2871.96,2917.15,2601960.5
2020-06-01,2871.96,2915.43,2871.96,2917.15,2601960.5
2020-06-01,2871.96,2915.43,2871.96,2917.15,2601960.5
2020-06-01,2871.96,2915.43,2871.96,2917.15,2601960.5
2020-06-02,2916.32,2921.4,2909.13,2926.36,2561080.5
2020-06-02,2916.32,2921.4,2909.13,2926.36,2561080.5
2020-06-02,2916.32,2921.4,2909.13,2926.36,2561080.5
2020-06-02,2916.32,2921.4,2909.13,2926.36,2561080.5
2020-06-02,2916.32,2921.4,2909.13,2926.36,2561080.5
2020-06-03,2930.39,2923.37,2922.66,2942.76,2556639.75
2020-06-03,2930.39,2923.37,2922.66,2942.76,2556639.75
2020-06-03,2930.39,2923.37,2922.66,2942.76,2556639.75
2020-06-03,2930.39,2923.37,2922.66,2942.76,2556639.75
2020-06-03,2930.39,2923.37,2922.66,2942.76,2556639.75
2020-06-04,2931.84,2919.25,2910.75,2932.97,2266058.75
2020-06-04,2931.84,2919.25,2910.75,2932.97,2266058.75
2020-06-04,2931.84,2919.25,2910.75,2932.97,2266058.75
2020-06-04,2931.84,2919.25,2910.75,2932.97,2266058.75
2020-06-04,2931.84,2919.25,2910.75,2932.97,2266058.75
2020-06-05,2923.19,2930.8,2909.12,2930.8,2173606.75
2020-06-05,2923.19,2930.8,2909.12,2930.8,2173606.75
2020-06-05,2923.19,2930.8,2909.12,2930.8,2173606.75
2020-06-05,2923.19,2930.8,2909.12,2930.8,2173606.75
2020-06-05,2923.19,2930.8,2909.12,2930.8,2173606.75
2020-06-08,2941.98,2937.77,2934.21,2950.07,2311243.5
2020-06-08,2941.98,2937.77,2934.21,2950.07,2311243.5
2020-06-08,2941.98,2937.77,2934.21,2950.07,2311243.5
2020-06-08,2941.98,2937.77,2934.21,2950.07,2311243.5
2020-06-08,2941.98,2937.77,2934.21,2950.07,2311243.5
2020-06-09,2939.54,2956.11,2932.94,2957.12,2090485.88
2020-06-09,2939.54,2956.11,2932.94,2957.12,2090485.88
2020-06-09,2939.54,2956.11,2932.94,2957.12,2090485.88
2020-06-09,2939.54,2956.11,2932.94,2957.12,2090485.88
2020-06-09,2939.54,2956.11,2932.94,2957.12,2090485.88
2020-06-10,2951.28,2943.75,2934.84,2951.33,2079259.75
2020-06-10,2951.28,2943.75,2934.84,2951.33,2079259.75
2020-06-10,2951.28,2943.75,2934.84,2951.33,2079259.75
2020-06-10,2951.28,2943.75,2934.84,2951.33,2079259.75
2020-06-10,2951.28,2943.75,2934.84,2951.33,2079259.75
2020-06-11,2939.79,2920.9,2912.19,2952.65,2337229.5
2020-06-11,2939.79,2920.9,2912.19,2952.65,2337229.5
2020-06-11,2939.79,2920.9,2912.19,2952.65,2337229.5
2020-06-11,2939.79,2920.9,2912.19,2952.65,2337229.5
2020-06-11,2939.79,2920.9,2912.19,2952.65,2337229.5
2020-06-12,2876.8,2919.74,2872.62,2930.26,2360086.5
2020-06-12,2876.8,2919.74,2872.62,2930.26,2360086.5
2020-06-12,2876.8,2919.74,2872.62,2930.26,2360086.5
2020-06-12,2876.8,2919.74,2872.62,2930.26,2360086.5
2020-06-12,2876.8,2919.74,2872.62,2930.26,2360086.5
2020-06-15,2908.28,2890.03,2890.03,2922.54,2432050.5
2020-06-15,2908.28,2890.03,2890.03,2922.54,2432050.5
2020-06-15,2908.28,2890.03,2890.03,2922.54,2432050.5
2020-06-15,2908.28,2890.03,2890.03,2922.54,2432050.5
2020-06-15,2908.28,2890.03,2890.03,2922.54,2432050.5
2020-06-16,2912.83,2931.75,2909.13,2931.78,2233130.75
2020-06-16,2912.83,2931.75,2909.13,2931.78,2233130.75
2020-06-16,2912.83,2931.75,2909.13,2931.78,2233130.75
2020-06-16,2912.83,2931.75,2909.13,2931.78,2233130.75
2020-06-16,2912.83,2931.75,2909.13,2931.78,2233130.75
2020-06-17,2932.67,2935.87,2919.04,2936.62,2346544.0
2020-06-17,2932.67,2935.87,2919.04,2936.62,2346544.0
2020-06-17,2932.67,2935.87,2919.04,2936.62,2346544.0
2020-06-17,2932.67,2935.87,2919.04,2936.62,2346544.0
2020-06-17,2932.67,2935.87,2919.04,2936.62,2346544.0
2020-06-18,2929.88,2939.32,2920.11,2942.9,2586913.75
2020-06-18,2929.88,2939.32,2920.11,2942.9,2586913.75
2020-06-18,2929.88,2939.32,2920.11,2942.9,2586913.75
2020-06-18,2929.88,2939.32,2920.11,2942.9,2586913.75
2020-06-18,2929.88,2939.32,2920.11,2942.9,2586913.75
2020-06-19,2938.79,2967.63,2935.82,2973.32,2643139.5
2020-06-19,2938.79,2967.63,2935.82,2973.32,2643139.5
2020-06-19,2938.79,2967.63,2935.82,2973.32,2643139.5
2020-06-19,2938.79,2967.63,2935.82,2973.32,2643139.5
2020-06-19,2938.79,2967.63,2935.82,2973.32,2643139.5
2020-06-22,2966.9,2965.27,2959.04,2983.44,2678838.25
2020-06-22,2966.9,2965.27,2959.04,2983.44,2678838.25
2020-06-22,2966.9,2965.27,2959.04,2983.44,2678838.25
2020-06-22,2966.9,2965.27,2959.04,2983.44,2678838.25
2020-06-22,2966.9,2965.27,2959.04,2983.44,2678838.25
2020-06-23,2960.89,2970.62,2949.85,2972.4,2252122.0
2020-06-23,2960.89,2970.62,2949.85,2972.4,2252122.0
2020-06-23,2960.89,2970.62,2949.85,2972.4,2252122.0
2020-06-23,2960.89,2970.62,2949.85,2972.4,2252122.0
2020-06-23,2960.89,2970.62,2949.85,2972.4,2252122.0
2020-06-24,2972.98,2979.55,2971.22,2982.94,2132007.25
2020-06-24,2972.98,2979.55,2971.22,2982.94,2132007.25
2020-06-24,2972.98,2979.55,2971.22,2982.94,2132007.25
2020-06-24,2972.98,2979.55,2971.22,2982.94,2132007.25
2020-06-24,2972.98,2979.55,2971.22,2982.94,2132007.25
2020-06-29,2973.08,2961.52,2951.77,2977.91,2206227.25
2020-06-29,2973.08,2961.52,2951.77,2977.91,2206227.25
2020-06-29,2973.08,2961.52,2951.77,2977.91,2206227.25
2020-06-29,2973.08,2961.52,2951.77,2977.91,2206227.25
2020-06-29,2973.08,2961.52,2951.77,2977.91,2206227.25
2020-06-30,2965.11,2984.67,2965.11,2990.83,2149572.25
2020-06-30,2965.11,2984.67,2965.11,2990.83,2149572.25
2020-06-30,2965.11,2984.67,2965.11,2990.83,2149572.25
2020-06-30,2965.11,2984.67,2965.11,2990.83,2149572.25
2020-06-30,2965.11,2984.67,2965.11,2990.83,2149572.25
2020-07-01,2991.18,3025.98,2984.98,3026.19,2733131.5
2020-07-01,2991.18,3025.98,2984.98,3026.19,2733131.5
2020-07-01,2991.18,3025.98,2984.98,3026.19,2733131.5
2020-07-01,2991.18,3025.98,2984.98,3026.19,2733131.5
2020-07-01,2991.18,3025.98,2984.98,3026.19,2733131.5
2020-07-02,3023.72,3090.57,3021.67,3092.44,3911280.0
2020-07-02,3023.72,3090.57,3021.67,3092.44,3911280.0
2020-07-02,3023.72,3090.57,3021.67,3092.44,3911280.0
2020-07-02,3023.72,3090.57,3021.67,3092.44,3911280.0
2020-07-02,3023.72,3090.57,3021.67,3092.44,3911280.0
2020-07-03,3104.0,3152.81,3104.0,3152.81,4587938.5
2020-07-03,3104.0,3152.81,3104.0,3152.81,4587938.5
2020-07-03,3104.0,3152.81,3104.0,3152.81,4587938.5
2020-07-03,3104.0,3152.81,3104.0,3152.81,4587938.5
2020-07-03,3104.0,3152.81,3104.0,3152.81,4587938.5
2020-07-06,3187.84,3332.88,3187.84,3337.27,6438789.0
2020-07-06,3187.84,3332.88,3187.84,3337.27,6438789.0
2020-07-06,3187.84,3332.88,3187.84,3337.27,6438789.0
2020-07-06,3187.84,3332.88,3187.84,3337.27,6438789.0
2020-07-06,3187.84,3332.88,3187.84,3337.27,6438789.0
2020-07-07,3380.95,3345.34,3336.24,3407.08,6578401.5
2020-07-07,3380.95,3345.34,3336.24,3407.08,6578401.5
2020-07-07,3380.95,3345.34,3336.24,3407.08,6578401.5
2020-07-07,3380.95,3345.34,3336.24,3407.08,6578401.5
2020-07-07,3380.95,3345.34,3336.24,3407.08,6578401.5
2020-07-08,3337.55,3403.44,3327.71,3421.53,5870817.0
2020-07-08,3337.55,3403.44,3327.71,3421.53,5870817.0
2020-07-08,3337.55,3403.44,3327.71,3421.53,5870817.0
2020-07-08,3337.55,3403.44,3327.71,3421.53,5870817.0
2020-07-08,3337.55,3403.44,3327.71,3421.53,5870817.0
2020-07-09,3403.48,3450.59,3393.64,3456.97,6200018.0
2020-07-09,3403.48,3450.59,3393.64,3456.97,6200018.0
2020-07-09,3403.48,3450.59,3393.64,3456.97,6200018.0
2020-07-09,3403.48,3450.59,3393.64,3456.97,6200018.0
2020-07-09,3403.48,3450.59,3393.64,3456.97,6200018.0
2020-07-10,3418.93,3383.32,3372.51,3433.11,5561200.0
2020-07-10,3418.93,3383.32,3372.51,3433.11,5561200.0
2020-07-10,3418.93,3383.32,3372.51,3433.11,5561200.0
2020-07-10,3418.93,3383.32,3372.51,3433.11,5561200.0
2020-07-10,3418.93,3383.32,3372.51,3433.11,5561200.0
2020-07-13,3379.39,3443.29,3369.04,3458.79,5580069.0
2020-07-13,3379.39,3443.29,3369.04,3458.79,5580069.0
2020-07-13,3379.39,3443.29,3369.04,3458.79,5580069.0
2020-07-13,3379.39,3443.29,3369.04,3458.79,5580069.0
2020-07-13,3379.39,3443.29,3369.04,3458.79,5580069.0
2020-07-14,3435.02,3414.62,3366.08,3451.22,5432115.0
2020-07-14,3435.02,3414.62,3366.08,3451.22,5432115.0
2020-07-14,3435.02,3414.62,3366.08,3451.22,5432115.0
2020-07-14,3435.02,3414.62,3366.08,3451.22,5432115.0
2020-07-14,3435.02,3414.62,3366.08,3451.22,5432115.0
2020-07-15,3422.08,3361.3,3345.75,3432.45,4920305.5
2020-07-15,3422.08,3361.3,3345.75,3432.45,4920305.5
2020-07-15,3422.08,3361.3,3345.75,3432.45,4920305.5
2020-07-15,3422.08,3361.3,3345.75,3432.45,4920305.5
2020-07-15,3422.08,3361.3,3345.75,3432.45,4920305.5
2020-07-16,3356.36,3210.1,3209.73,3373.53,4906131.0
2020-07-16,3356.36,3210.1,3209.73,3373.53,4906131.0
2020-07-16,3356.36,3210.1,3209.73,3373.53,4906131.0
2020-07-16,3356.36,3210.1,3209.73,3373.53,4906131.0
2020-07-16,3356.36,3210.1,3209.73,3373.53,4906131.0
2020-07-17,3214.4,3214.13,3181.27,3252.78,3596524.25
2020-07-17,3214.4,3214.13,3181.27,3252.78,3596524.25
2020-07-17,3214.4,3214.13,3181.27,3252.78,3596524.25
2020-07-17,3214.4,3214.13,3181.27,3252.78,3596524.25
2020-07-17,3214.4,3214.13,3181.27,3252.78,3596524.25
2020-07-20,3243.91,3314.15,3220.68,3314.15,4185553.0
2020-07-20,3243.91,3314.15,3220.68,3314.15,4185553.0
2020-07-20,3243.91,3314.15,3220.68,3314.15,4185553.0
2020-07-20,3243.91,3314.15,3220.68,3314.15,4185553.0
2020-07-20,3243.91,3314.15,3220.68,3314.15,4185553.0
2020-07-21,3330.55,3320.89,3300.57,3336.68,3592520.25
2020-07-21,3330.55,3320.89,3300.57,3336.68,3592520.25
2020-07-21,3330.55,3320.89,3300.57,3336.68,3592520.25
2020-07-21,3330.55,3320.89,3300.57,3336.68,3592520.25
2020-07-21,3330.55,3320.89,3300.57,3336.68,3592520.25
2020-07-22,3315.18,3333.16,3311.79,3381.98,3933353.25
2020-07-22,3315.18,3333.16,3311.79,3381.98,3933353.25
2020-07-22,3315.18,3333.16,3311.79,3381.98,3933353.25
2020-07-22,3315.18,3333.16,3311.79,3381.98,3933353.25
2020-07-22,3315.18,3333.16,3311.79,3381.98,3933353.25
2020-07-23,3306.15,3325.11,3257.83,3336.3,4070425.0
2020-07-23,3306.15,3325.11,3257.83,3336.3,4070425.0
2020-07-23,3306.15,3325.11,3257.83,3336.3,4070425.0
2020-07-23,3306.15,3325.11,3257.83,3336.3,4070425.0
2020-07-23,3306.15,3325.11,3257.83,3336.3,4070425.0
2020-07-24,3310.64,3196.77,3184.96,3319.13,4270540.5
2020-07-24,3310.64,3196.77,3184.96,3319.13,4270540.5
2020-07-24,3310.64,3196.77,3184.96,3319.13,4270540.5
2020-07-24,3310.64,3196.77,3184.96,3319.13,4270540.5
2020-07-24,3310.64,3196.77,3184.96,3319.13,4270540.5
2020-07-27,3210.39,3205.23,3174.66,3221.98,2993190.25
2020-07-27,3210.39,3205.23,3174.66,3221.98,2993190.25
2020-07-27,3210.39,3205.23,3174.66,3221.98,2993190.25
2020-07-27,3210.39,3205.23,3174.66,3221.98,2993190.25
2020-07-27,3210.39,3205.23,3174.66,3221.98,2993190.25
2020-07-28,3226.13,3227.96,3208.49,3245.3,2893778.5
2020-07-28,3226.13,3227.96,3208.49,3245.3,2893778.5
2020-07-28,3226.13,3227.96,3208.49,3245.3,2893778.5
2020-07-28,3226.13,3227.96,3208.49,3245.3,2893778.5
2020-07-28,3226.13,3227.96,3208.49,3245.3,2893778.5
2020-07-29,3221.99,3294.55,3209.99,3294.55,3249240.5
2020-07-29,3221.99,3294.55,3209.99,3294.55,3249240.5
2020-07-29,3221.99,3294.55,3209.99,3294.55,3249240.5
2020-07-29,3221.99,3294.55,3209.99,3294.55,3249240.5
2020-07-29,3221.99,3294.55,3209.99,3294.55,3249240.5
2020-07-30,3299.57,3286.82,3282.16,3312.45,3407041.25
2020-07-30,3299.57,3286.82,3282.16,3312.45,3407041.25
2020-07-30,3299.57,3286.82,3282.16,3312.45,3407041.25
2020-07-30,3299.57,3286.82,3282.16,3312.45,3407041.25
2020-07-30,3299.57,3286.82,3282.16,3312.45,3407041.25
2020-07-31,3280.8,3310.01,3261.61,3333.79,3537589.75
2020-07-31,3280.8,3310.01,3261.61,3333.79,3537589.75
2020-07-31,3280.8,3310.01,3261.61,3333.79,3537589.75
2020-07-31,3280.8,3310.01,3261.61,3333.79,3537589.75
2020-07-31,3280.8,3310.01,3261.61,3333.79,3537589.75
2020-08-03,3332.18,3367.97,3327.68,3368.1,4074608.75
2020-08-03,3332.18,3367.97,3327.68,3368.1,4074608.75
2020-08-03,3332.18,3367.97,3327.68,3368.1,4074608.75
2020-08-03,3332.18,3367.97,3327.68,3368.1,4074608.75
2020-08-03,3332.18,3367.97,3327.68,3368.1,4074608.75
2020-08-04,3376.44,3371.69,3352.5,3391.07,4423285.5
2020-08-04,3376.44,3371.69,3352.5,3391.07,4423285.5
2020-08-04,3376.44,3371.69,3352.5,3391.07,4423285.5
2020-08-04,3376.44,3371.69,3352.5,3391.07,4423285.5
2020-08-04,3376.44,3371.69,3352.5,3391.07,4423285.5
2020-08-05,3363.33,3377.56,3333.88,3383.64,3858230.25
2020-08-05,3363.33,3377.56,3333.88,3383.64,3858230.25
2020-08-05,3363.33,3377.56,3333.88,3383.64,3858230.25
2020-08-05,3363.33,3377.56,3333.88,3383.64,3858230.25
2020-08-05,3363.33,3377.56,3333.88,3383.64,3858230.25
2020-08-06,3380.76,3386.46,3334.33,3392.7,4153025.0
2020-08-06,3380.76,3386.46,3334.33,3392.7,4153025.0
2020-08-06,3380.76,3386.46,3334.33,3392.7,4153025.0
2020-08-06,3380.76,3386.46,3334.33,3392.7,4153025.0
2020-08-06,3380.76,3386.46,3334.33,3392.7,4153025.0
2020-08-07,3370.59,3354.04,3307.71,3374.13,4039296.25
2020-08-07,3370.59,3354.04,3307.71,3374.13,4039296.25
2020-08-07,3370.59,3354.04,3307.71,3374.13,4039296.25
2020-08-07,3370.59,3354.04,3307.71,3374.13,4039296.25
2020-08-07,3370.59,3354.04,3307.71,3374.13,4039296.25
2020-08-10,3341.53,3379.25,3335.04,3399.93,3813796.25
2020-08-10,3341.53,3379.25,3335.04,3399.93,3813796.25
2020-08-10,3341.53,3379.25,3335.04,3399.93,3813796.25
2020-08-10,3341.53,3379.25,3335.04,3399.93,3813796.25
2020-08-10,3341.53,3379.25,3335.04,3399.93,3813796.25
2020-08-11,3379.49,3340.29,3336.09,3409.06,4004527.0
2020-08-11,3379.49,3340.29,3336.09,3409.06,4004527.0
2020-08-11,3379.49,3340.29,3336.09,3409.06,4004527.0
2020-08-11,3379.49,3340.29,3336.09,3409.06,4004527.0
2020-08-11,3379.49,3340.29,3336.09,3409.06,4004527.0
2020-08-12,3327.49,3319.27,3263.27,3335.73,3783289.5
2020-08-12,3327.49,3319.27,3263.27,3335.73,3783289.5
2020-08-12,3327.49,3319.27,3263.27,3335.73,3783289.5
2020-08-12,3327.49,3319.27,3263.27,3335.73,3783289.5
2020-08-12,3327.49,3319.27,3263.27,3335.73,3783289.5
2020-08-13,3328.18,3320.73,3309.46,3338.15,3242912.75
2020-08-13,3328.18,3320.73,3309.46,3338.15,3242912.75
2020-08-13,3328.18,3320.73,3309.46,3338.15,3242912.75
2020-08-13,3328.18,3320.73,3309.46,3338.15,3242912.75
2020-08-13,3328.18,3320.73,3309.46,3338.15,3242912.75
2020-08-14,3315.67,3360.1,3302.74,3362.03,3059983.75
2020-08-14,3315.67,3360.1,3302.74,3362.03,3059983.75
2020-08-14,3315.67,3360.1,3302.74,3362.03,3059983.75
2020-08-14,3315.67,3360.1,3302.74,3362.03,3059983.75
2020-08-14,3315.67,3360.1,3302.74,3362.03,3059983.75
2020-08-17,3373.9,3438.8,3369.37,3450.9,4345982.5
2020-08-17,3373.9,3438.8,3369.37,3450.9,4345982.5
2020-08-17,3373.9,3438.8,3369.37,3450.9,4345982.5
2020-08-17,3373.9,3438.8,3369.37,3450.9,4345982.5
2020-08-17,3373.9,3438.8,3369.37,3450.9,4345982.5
2020-08-18,3441.93,3451.09,3432.64,3456.72,3807292.75
2020-08-18,3441.93,3451.09,3432.64,3456.72,3807292.75
2020-08-18,3441.93,3451.09,3432.64,3456.72,3807292.75
2020-08-18,3441.93,3451.09,3432.64,3456.72,3807292.75
2020-08-18,3441.93,3451.09,3432.64,3456.72,3807292.75
2020-08-19,3444.56,3408.13,3406.16,3454.46,4057222.25
2020-08-19,3444.56,3408.13,3406.16,3454.46,4057222.25
2020-08-19,3444.56,3408.13,3406.16,3454.46,4057222.25
2020-08-19,3444.56,3408.13,3406.16,3454.46,4057222.25
2020-08-19,3444.56,3408.13,3406.16,3454.46,4057222.25
2020-08-20,3385.96,3363.9,3352.78,3394.56,3356009.75
2020-08-20,3385.96,3363.9,3352.78,3394.56,3356009.75
2020-08-20,3385.96,3363.9,3352.78,3394.56,3356009.75
2020-08-20,3385.96,3363.9,3352.78,3394.56,3356009.75
2020-08-20,3385.96,3363.9,3352.78,3394.56,3356009.75
2020-08-21,3380.23,3380.68,3358.0,3393.92,2874883.5
2020-08-21,3380.23,3380.68,3358.0,3393.92,2874883.5
2020-08-21,3380.23,3380.68,3358.0,3393.92,2874883.5
2020-08-21,3380.23,3380.68,3358.0,3393.92,2874883.5
2020-08-21,3380.23,3380.68,3358.0,3393.92,2874883.5
2020-08-24,3391.11,3385.64,3368.03,3396.57,2662278.5
2020-08-24,3391.11,3385.64,3368.03,3396.57,2662278.5
2020-08-24,3391.11,3385.64,3368.03,3396.57,2662278.5
2020-08-24,3391.11,3385.64,3368.03,3396.57,2662278.5
2020-08-24,3391.11,3385.64,3368.03,3396.57,2662278.5
2020-08-25,3392.88,3373.58,3364.16,3408.87,2771134.25
2020-08-25,3392.88,3373.58,3364.16,3408.87,2771134.25
2020-08-25,3392.88,3373.58,3364.16,3408.87,2771134.25
2020-08-25,3392.88,3373.58,3364.16,3408.87,2771134.25
2020-08-25,3392.88,3373.58,3364.16,3408.87,2771134.25
2020-08-26,3371.81,3329.74,3320.14,3382.6,2944510.25
2020-08-26,3371.81,3329.74,3320.14,3382.6,2944510.25
2020-08-26,3371.81,3329.74,3320.14,3382.6,2944510.25
2020-08-26,3371.81,3329.74,3320.14,3382.6,2944510.25
2020-08-26,3371.81,3329.74,3320.14,3382.6,2944510.25
2020-08-27,3333.49,3350.11,3312.99,3351.83,2370993.5
2020-08-27,3333.49,3350.11,3312.99,3351.83,2370993.5
2020-08-27,3333.49,3350.11,3312.99,3351.83,2370993.5
2020-08-27,3333.49,3350.11,3312.99,3351.83,2370993.5
2020-08-27,3333.49,3350.11,3312.99,3351.83,2370993.5
2020-08-28,3346.29,3403.81,3339.65,3405.88,2713255.5
2020-08-28,3346.29,3403.81,3339.65,3405.88,2713255.5
2020-08-28,3346.29,3403.81,3339.65,3405.88,2713255.5
2020-08-28,3346.29,3403.81,3339.65,3405.88,2713255.5
2020-08-28,3346.29,3403.81,3339.65,3405.88,2713255.5
2020-08-31,3416.55,3395.68,3395.47,3442.74,3234739.0
2020-08-31,3416.55,3395.68,3395.47,3442.74,3234739.0
2020-08-31,3416.55,3395.68,3395.47,3442.74,3234739.0
2020-08-31,3416.55,3395.68,3395.47,3442.74,3234739.0
2020-08-31,3416.55,3395.68,3395.47,3442.74,3234739.0
2020-09-01,3389.74,3410.61,3381.71,3410.61,2469992.5
2020-09-01,3389.74,3410.61,3381.71,3410.61,2469992.5
2020-09-01,3389.74,3410.61,3381.71,3410.61,2469992.5
2020-09-01,3389.74,3410.61,3381.71,3410.61,2469992.5
2020-09-01,3389.74,3410.61,3381.71,3410.61,2469992.5
2020-09-02,3420.47,3404.8,3377.21,3421.4,2615463.25
2020-09-02,3420.47,3404.8,3377.21,3421.4,2615463.25
2020-09-02,3420.47,3404.8,3377.21,3421.4,2615463.25
2020-09-02,3420.47,3404.8,3377.21,3421.4,2615463.25
2020-09-02,3420.47,3404.8,3377.21,3421.4,2615463.25
2020-09-03,3404.03,3384.98,3374.26,3425.63,2553462.75
2020-09-03,3404.03,3384.98,3374.26,3425.63,2553462.75
2020-09-03,3404.03,3384.98,3374.26,3425.63,2553462.75
2020-09-03,3404.03,3384.98,3374.26,3425.63,2553462.75
2020-09-03,3404.03,3384.98,3374.26,3425.63,2553462.75
2020-09-04,3336.41,3355.37,3328.55,3360.11,2216365.5
2020-09-04,3336.41,3355.37,3328.55,3360.11,2216365.5
2020-09-04,3336.41,3355.37,3328.55,3360.11,2216365.5
2020-09-04,3336.41,3355.37,3328.55,3360.11,2216365.5
2020-09-04,3336.41,3355.37,3328.55,3360.11,2216365.5
2020-09-07,3349.92,3292.59,3285.63,3368.24,2606165.75
2020-09-07,3349.92,3292.59,3285.63,3368.24,2606165.75
2020-09-07,3349.92,3292.59,3285.63,3368.24,2606165.75
2020-09-07,3349.92,3292.59,3285.63,3368.24,2606165.75
2020-09-07,3349.92,3292.59,3285.63,3368.24,2606165.75
2020-09-08,3301.22,3316.42,3276.44,3324.39,2710662.75
2020-09-08,3301.22,3316.42,3276.44,3324.39,2710662.75
2020-09-08,3301.22,3316.42,3276.44,3324.39,2710662.75
2020-09-08,3301.22,3316.42,3276.44,3324.39,2710662.75
2020-09-08,3301.22,3316.42,3276.44,3324.39,2710662.75
2020-09-09,3281.0,3254.63,3238.56,3289.61,3515097.5
2020-09-09,3281.0,3254.63,3238.56,3289.61,3515097.5
2020-09-09,3281.0,3254.63,3238.56,3289.61,3515097.5
2020-09-09,3281.0,3254.63,3238.56,3289.61,3515097.5
2020-09-09,3281.0,3254.63,3238.56,3289.61,3515097.5
2020-09-10,3282.23,3234.82,3227.64,3285.47,3124728.0
2020-09-10,3282.23,3234.82,3227.64,3285.47,3124728.0
2020-09-10,3282.23,3234.82,3227.64,3285.47,3124728.0
2020-09-10,3282.23,3234.82,3227.64,3285.47,3124728.0
2020-09-10,3282.23,3234.82,3227.64,3285.47,3124728.0
2020-09-11,3225.78,3260.35,3220.54,3262.5,2216988.25
2020-09-11,3225.78,3260.35,3220.54,3262.5,2216988.25
2020-09-11,3225.78,3260.35,3220.54,3262.5,2216988.25
2020-09-11,3225.78,3260.35,3220.54,3262.5,2216988.25
2020-09-11,3225.78,3260.35,3220.54,3262.5,2216988.25
2020-09-14,3275.92,3278.81,3261.15,3283.53,2139241.25
2020-09-14,3275.92,3278.81,3261.15,3283.53,2139241.25
2020-09-14,3275.92,3278.81,3261.15,3283.53,2139241.25
2020-09-14,3275.92,3278.81,3261.15,3283.53,2139241.25
2020-09-14,3275.92,3278.81,3261.15,3283.53,2139241.25
2020-09-15,3277.13,3295.68,3263.75,3297.69,1976844.0
2020-09-15,3277.13,3295.68,3263.75,3297.69,1976844.0
2020-09-15,3277.13,3295.68,3263.75,3297.69,1976844.0
2020-09-15,3277.13,3295.68,3263.75,3297.69,1976844.0
2020-09-15,3277.13,3295.68,3263.75,3297.69,1976844.0
2020-09-16,3293.17,3283.92,3271.08,3302.46,2004433.62
2020-09-16,3293.17,3283.92,3271.08,3302.46,2004433.62
2020-09-16,3293.17,3283.92,3271.08,3302.46,2004433.62
2020-09-16,3293.17,3283.92,3271.08,3302.46,2004433.62
2020-09-16,3293.17,3283.92,3271.08,3302.46,2004433.62
2020-09-17,3277.32,3270.44,3248.5,3290.41,2029319.75
2020-09-17,3277.32,3270.44,3248.5,3290.41,2029319.75
2020-09-17,3277.32,3270.44,3248.5,3290.41,2029319.75
2020-09-17,3277.32,3270.44,3248.5,3290.41,2029319.75
2020-09-17,3277.32,3270.44,3248.5,3290.41,2029319.75
2020-09-18,3270.91,3338.09,3268.53,3338.32,2562608.0
2020-09-18,3270.91,3338.09,3268.53,3338.32,2562608.0
2020-09-18,3270.91,3338.09,3268.53,3338.32,2562608.0
2020-09-18,3270.91,3338.09,3268.53,3338.32,2562608.0
2020-09-18,3270.91,3338.09,3268.53,3338.32,2562608.0
2020-09-21,3348.9,3316.94,3313.07,3350.59,2165031.0
2020-09-21,3348.9,3316.94,3313.07,3350.59,2165031.0
2020-09-21,3348.9,3316.94,3313.07,3350.59,2165031.0
2020-09-21,3348.9,3316.94,3313.07,3350.59,2165031.0
2020-09-21,3348.9,3316.94,3313.07,3350.59,2165031.0
2020-09-22,3290.67,3274.3,3265.7,3320.23,2140150.75
2020-09-22,3290.67,3274.3,3265.7,3320.23,2140150.75
2020-09-22,3290.67,3274.3,3265.7,3320.23,2140150.75
2020-09-22,3290.67,3274.3,3265.7,3320.23,2140150.75
2020-09-22,3290.67,3274.3,3265.7,3320.23,2140150.75
2020-09-23,3278.84,3279.71,3264.89,3289.76,1691780.62
2020-09-23,3278.84,3279.71,3264.89,3289.76,1691780.62
2020-09-23,3278.84,3279.71,3264.89,3289.76,1691780.62
2020-09-23,3278.84,3279.71,3264.89,3289.76,1691780.62
2020-09-23,3278.84,3279.71,3264.89,3289.76,1691780.62
2020-09-24,3262.88,3223.18,3221.24,3265.35,2067360.12
2020-09-24,3262.88,3223.18,3221.24,3265.35,2067360.12
2020-09-24,3262.88,3223.18,3221.24,3265.35,2067360.12
2020-09-24,3262.88,3223.18,3221.24,3265.35,2067360.12
2020-09-24,3262.88,3223.18,3221.24,3265.35,2067360.12
2020-09-25,3234.37,3219.42,3208.03,3239.47,1648224.25
2020-09-25,3234.37,3219.42,3208.03,3239.47,1648224.25
2020-09-25,3234.37,3219.42,3208.03,3239.47,1648224.25
2020-09-25,3234.37,3219.42,3208.03,3239.47,1648224.25
2020-09-25,3234.37,3219.42,3208.03,3239.47,1648224.25
2020-09-28,3224.98,3217.53,3210.89,3238.18,1559827.88
2020-09-28,3224.98,3217.53,3210.89,3238.18,1559827.88
2020-09-28,3224.98,3217.53,3210.89,3238.18,1559827.88
2020-09-28,3224.98,3217.53,3210.89,3238.18,1559827.88
2020-09-28,3224.98,3217.53,3210.89,3238.18,1559827.88
2020-09-29,3231.86,3224.36,3219.79,3242.79,1513498.75
2020-09-29,3231.86,3224.36,3219.79,3242.79,1513498.75
2020-09-29,3231.86,3224.36,3219.79,3242.79,1513498.75
2020-09-29,3231.86,3224.36,3219.79,3242.79,1513498.75
2020-09-29,3231.86,3224.36,3219.79,3242.79,1513498.75
2020-09-30,3232.71,3218.05,3202.34,3244.91,1535044.62
2020-09-30,3232.71,3218.05,3202.34,3244.91,1535044.62
2020-09-30,3232.71,3218.05,3202.34,3244.91,1535044.62
2020-09-30,3232.71,3218.05,3202.34,3244.91,1535044.62
2020-09-30,3232.71,3218.05,3202.34,3244.91,1535044.62
2020-10-09,3262.61,3272.08,3260.19,3280.51,1883256.5
2020-10-09,3262.61,3272.08,3260.19,3280.51,1883256.5
2020-10-09,3262.61,3272.08,3260.19,3280.51,1883256.5
2020-10-09,3262.61,3272.08,3260.19,3280.51,1883256.5
2020-10-09,3262.61,3272.08,3260.19,3280.51,1883256.5
2020-10-12,3287.33,3358.47,3286.11,3359.15,2596224.0
2020-10-12,3287.33,3358.47,3286.11,3359.15,2596224.0
2020-10-12,3287.33,3358.47,3286.11,3359.15,2596224.0
2020-10-12,3287.33,3358.47,3286.11,3359.15,2596224.0
2020-10-12,3287.33,3358.47,3286.11,3359.15,2596224.0
2020-10-13,3353.12,3359.75,3334.5,3361.83,2049261.0
2020-10-13,3353.12,3359.75,3334.5,3361.83,2049261.0
2020-10-13,3353.12,3359.75,3334.5,3361.83,2049261.0
2020-10-13,3353.12,3359.75,3334.5,3361.83,2049261.0
2020-10-13,3353.12,3359.75,3334.5,3361.83,2049261.0
2020-10-14,3353.62,3340.78,3332.96,3353.62,1986593.88
2020-10-14,3353.62,3340.78,3332.96,3353.62,1986593.88
2020-10-14,3353.62,3340.78,3332.96,3353.62,1986593.88
2020-10-14,3353.62,3340.78,3332.96,3353.62,1986593.88
2020-10-14,3353.62,3340.78,3332.96,3353.62,1986593.88
2020-10-15,3342.92,3332.18,3330.0,3354.58,1910312.88
2020-10-15,3342.92,3332.18,3330.0,3354.58,1910312.88
2020-10-15,3342.92,3332.18,3330.0,3354.58,1910312.88
2020-10-15,3342.92,3332.18,3330.0,3354.58,1910312.88
2020-10-15,3342.92,3332.18,3330.0,3354.58,1910312.88
2020-10-16,3334.46,3336.36,3319.11,3348.95,1942954.25
2020-10-16,3334.46,3336.36,3319.11,3348.95,1942954.25
2020-10-16,3334.46,3336.36,3319.11,3348.95,1942954.25
2020-10-16,3334.46,3336.36,3319.11,3348.95,1942954.25
2020-10-16,3334.46,3336.36,3319.11,3348.95,1942954.25
2020-10-19,3351.1,3312.67,3307.84,3371.09,2123035.5
2020-10-19,3351.1,3312.67,3307.84,3371.09,2123035.5
2020-10-19,3351.1,3312.67,3307.84,3371.09,2123035.5
2020-10-19,3351.1,3312.67,3307.84,3371.09,2123035.5
2020-10-19,3351.1,3312.67,3307.84,3371.09,2123035.5
2020-10-20,3307.15,3328.1,3293.77,3328.1,1650847.62
2020-10-20,3307.15,3328.1,3293.77,3328.1,1650847.62
2020-10-20,3307.15,3328.1,3293.77,3328.1,1650847.62
2020-10-20,3307.15,3328.1,3293.77,3328.1,1650847.62
2020-10-20,3307.15,3328.1,3293.77,3328.1,1650847.62
2020-10-21,3332.15,3325.02,3304.17,3332.15,1776321.12
2020-10-21,3332.15,3325.02,3304.17,3332.15,1776321.12
2020-10-21,3332.15,3325.02,3304.17,3332.15,1776321.12
2020-10-21,3332.15,3325.02,3304.17,3332.15,1776321.12
2020-10-21,3332.15,3325.02,3304.17,3332.15,1776321.12
2020-10-22,3315.82,3312.5,3281.37,3320.88,1659499.88
2020-10-22,3315.82,3312.5,3281.37,3320.88,1659499.88
2020-10-22,3315.82,3312.5,3281.37,3320.88,1659499.88
2020-10-22,3315.82,3312.5,3281.37,3320.88,1659499.88
2020-10-22,3315.82,3312.5,3281.37,3320.88,1659499.88
2020-10-23,3308.16,3278.0,3276.62,3326.05,1742089.88
2020-10-23,3308.16,3278.0,3276.62,3326.05,1742089.88
2020-10-23,3308.16,3278.0,3276.62,3326.05,1742089.88
2020-10-23,3308.16,3278.0,3276.62,3326.05,1742089.88
2020-10-23,3308.16,3278.0,3276.62,3326.05,1742089.88
2020-10-26,3258.7,3251.12,3226.6,3264.45,1677318.0
2020-10-26,3258.7,3251.12,3226.6,3264.45,1677318.0
2020-10-26,3258.7,3251.12,3226.6,3264.45,1677318.0
2020-10-26,3258.7,3251.12,3226.6,3264.45,1677318.0
2020-10-26,3258.7,3251.12,3226.6,3264.45,1677318.0
2020-10-27,3240.74,3254.32,3235.54,3258.34,1491155.62
2020-10-27,3240.74,3254.32,3235.54,3258.34,1491155.62
2020-10-27,3240.74,3254.32,3235.54,3258.34,1491155.62
2020-10-27,3240.74,3254.32,3235.54,3258.34,1491155.62
2020-10-27,3240.74,3254.32,3235.54,3258.34,1491155.62
2020-10-28,3256.22,3269.24,3238.38,3275.87,1731819.62
2020-10-28,3256.22,3269.24,3238.38,3275.87,1731819.62
2020-10-28,3256.22,3269.24,3238.38,3275.87,1731819.62
2020-10-28,3256.22,3269.24,3238.38,3275.87,1731819.62
2020-10-28,3256.22,3269.24,3238.38,3275.87,1731819.62
2020-10-29,3235.76,3272.73,3231.12,3289.77,1847035.88
2020-10-29,3235.76,3272.73,3231.12,3289.77,1847035.88
2020-10-29,3235.76,3272.73,3231.12,3289.77,1847035.88
2020-10-29,3235.76,3272.73,3231.12,3289.77,1847035.88
2020-10-29,3235.76,3272.73,3231.12,3289.77,1847035.88
2020-10-30,3278.63,3224.53,3219.42,3279.86,2301888.0
2020-10-30,3278.63,3224.53,3219.42,3279.86,2301888.0
2020-10-30,3278.63,3224.53,3219.42,3279.86,2301888.0
2020-10-30,3278.63,3224.53,3219.42,3279.86,2301888.0
2020-10-30,3278.63,3224.53,3219.42,3279.86,2301888.0
2020-11-02,3228.72,3225.12,3209.91,3242.8,2267791.25
2020-11-02,3228.72,3225.12,3209.91,3242.8,2267791.25
2020-11-02,3228.72,3225.12,3209.91,3242.8,2267791.25
2020-11-02,3228.72,3225.12,3209.91,3242.8,2267791.25
2020-11-02,3228.72,3225.12,3209.91,3242.8,2267791.25
2020-11-03,3239.81,3271.07,3237.85,3278.38,2152978.75
2020-11-03,3239.81,3271.07,3237.85,3278.38,2152978.75
2020-11-03,3239.81,3271.07,3237.85,3278.38,2152978.75
2020-11-03,3239.81,3271.07,3237.85,3278.38,2152978.75
2020-11-03,3239.81,3271.07,3237.85,3278.38,2152978.75
2020-11-04,3273.43,3277.44,3254.11,3286.62,1885141.25
2020-11-04,3273.43,3277.44,3254.11,3286.62,1885141.25
2020-11-04,3273.43,3277.44,3254.11,3286.62,1885141.25
2020-11-04,3273.43,3277.44,3254.11,3286.62,1885141.25
2020-11-04,3273.43,3277.44,3254.11,3286.62,1885141.25
2020-11-05,3305.58,3320.13,3291.6,3320.41,2268014.5
2020-11-05,3305.58,3320.13,3291.6,3320.41,2268014.5
2020-11-05,3305.58,3320.13,3291.6,3320.41,2268014.5
2020-11-05,3305.58,3320.13,3291.6,3320.41,2268014.5
2020-11-05,3305.58,3320.13,3291.6,3320.41,2268014.5
2020-11-06,3326.46,3312.16,3292.15,3326.46,2348641.25
2020-11-06,3326.46,3312.16,3292.15,3326.46,2348641.25
2020-11-06,3326.46,3312.16,3292.15,3326.46,2348641.25
2020-11-06,3326.46,3312.16,3292.15,3326.46,2348641.25
2020-11-06,3326.46,3312.16,3292.15,3326.46,2348641.25
2020-11-09,3329.43,3373.73,3329.43,3380.82,3102197.75
2020-11-09,3329.43,3373.73,3329.43,3380.82,3102197.75
2020-11-09,3329.43,3373.73,3329.43,3380.82,3102197.75
2020-11-09,3329.43,3373.73,3329.43,3380.82,3102197.75
2020-11-09,3329.43,3373.73,3329.43,3380.82,3102197.75
2020-11-10,3387.62,3360.15,3346.17,3387.62,2787011.25
2020-11-10,3387.62,3360.15,3346.17,3387.62,2787011.25
2020-11-10,3387.62,3360.15,3346.17,3387.62,2787011.25
2020-11-10,3387.62,3360.15,3346.17,3387.62,2787011.25
2020-11-10,3387.62,3360.15,3346.17,3387.62,2787011.25
2020-11-11,3354.02,3342.2,3339.04,3365.84,2712046.5
2020-11-11,3354.02,3342.2,3339.04,3365.84,2712046.5
2020-11-11,3354.02,3342.2,3339.04,3365.84,2712046.5
2020-11-11,3354.02,3342.2,3339.04,3365.84,2712046.5
2020-11-11,3354.02,3342.2,3339.04,3365.84,2712046.5
2020-11-12,3344.46,3338.68,3329.49,3350.28,2165013.0
2020-11-12,3344.46,3338.68,3329.49,3350.28,2165013.0
2020-11-12,3344.46,3338.68,3329.49,3350.28,2165013.0
2020-11-12,3344.46,3338.68,3329.49,3350.28,2165013.0
2020-11-12,3344.46,3338.68,3329.49,3350.28,2165013.0
2020-11-13,3327.23,3310.1,3291.64,3327.23,2278983.75
2020-11-13,3327.23,3310.1,3291.64,3327.23,2278983.75
2020-11-13,3327.23,3310.1,3291.64,3327.23,2278983.75
2020-11-13,3327.23,3310.1,3291.64,3327.23,2278983.75
2020-11-13,3327.23,3310.1,3291.64,3327.23,2278983.75
2020-11-16,3325.62,3346.97,3313.65,3346.97,2795937.5
2020-11-16,3325.62,3346.97,3313.65,3346.97,2795937.5
2020-11-16,3325.62,3346.97,3313.65,3346.97,2795937.5
2020-11-16,3325.62,3346.97,3313.65,3346.97,2795937.5
2020-11-16,3325.62,3346.97,3313.65,3346.97,2795937.5
2020-11-17,3347.15,3339.9,3323.95,3347.7,2836324.75
2020-11-17,3347.15,3339.9,3323.95,3347.7,2836324.75
2020-11-17,3347.15,3339.9,3323.95,3347.7,2836324.75
2020-11-17,3347.15,3339.9,3323.95,3347.7,2836324.75
2020-11-17,3347.15,3339.9,3323.95,3347.7,2836324.75
2020-11-18,3337.33,3347.3,3333.99,3358.89,2875312.5
2020-11-18,3337.33,3347.3,3333.99,3358.89,2875312.5
2020-11-18,3337.33,3347.3,3333.99,3358.89,2875312.5
2020-11-18,3337.33,3347.3,3333.99,3358.89,2875312.5
2020-11-18,3337.33,3347.3,3333.99,3358.89,2875312.5
2020-11-19,3339.09,3363.09,3330.45,3367.33,2532630.0
2020-11-19,3339.09,3363.09,3330.45,3367.33,2532630.0
2020-11-19,3339.09,3363.09,3330.45,3367.33,2532630.0
2020-11-19,3339.09,3363.09,3330.45,3367.33,2532630.0
2020-11-19,3339.09,3363.09,3330.45,3367.33,2532630.0
2020-11-20,3359.6,3377.73,3356.31,3380.15,2612712.25
2020-11-20,3359.6,3377.73,3356.31,3380.15,2612712.25
2020-11-20,3359.6,3377.73,3356.31,3380.15,2612712.25
2020-11-20,3359.6,3377.73,3356.31,3380.15,2612712.25
2020-11-20,3359.6,3377.73,3356.31,3380.15,2612712.25
2020-11-23,3384.1,3414.49,3377.99,3431.65,3738720.5
2020-11-23,3384.1,3414.49,3377.99,3431.65,3738720.5
2020-11-23,3384.1,3414.49,3377.99,3431.65,3738720.5
2020-11-23,3384.1,3414.49,3377.99,3431.65,3738720.5
2020-11-23,3384.1,3414.49,3377.99,3431.65,3738720.5
2020-11-24,3407.41,3402.82,3396.24,3413.93,3009941.5
2020-11-24,3407.41,3402.82,3396.24,3413.93,3009941.5
2020-11-24,3407.41,3402.82,3396.24,3413.93,3009941.5
2020-11-24,3407.41,3402.82,3396.24,3413.93,3009941.5
2020-11-24,3407.41,3402.82,3396.24,3413.93,3009941.5
2020-11-25,3417.52,3362.33,3362.33,3423.49,3221102.0
2020-11-25,3417.52,3362.33,3362.33,3423.49,3221102.0
2020-11-25,3417.52,3362.33,3362.33,3423.49,3221102.0
2020-11-25,3417.52,3362.33,3362.33,3423.49,3221102.0
2020-11-25,3417.52,3362.33,3362.33,3423.49,3221102.0
2020-11-26,3360.06,3369.73,3344.28,3371.45,2558868.25
2020-11-26,3360.06,3369.73,3344.28,3371.45,2558868.25
2020-11-26,3360.06,3369.73,3344.28,3371.45,2558868.25
2020-11-26,3360.06,3369.73,3344.28,3371.45,2558868.25
2020-11-26,3360.06,3369.73,3344.28,3371.45,2558868.25
2020-11-27,3373.84,3408.31,3364.49,3408.31,2806499.0
2020-11-27,3373.84,3408.31,3364.49,3408.31,2806499.0
2020-11-27,3373.84,3408.31,3364.49,3408.31,2806499.0
2020-11-27,3373.84,3408.31,3364.49,3408.31,2806499.0
2020-11-27,3373.84,3408.31,3364.49,3408.31,2806499.0
2020-11-30,3418.16,3391.76,3391.76,3456.74,3849899.75
2020-11-30,3418.16,3391.76,3391.76,3456.74,3849899.75
2020-11-30,3418.16,3391.76,3391.76,3456.74,3849899.75
2020-11-30,3418.16,3391.76,3391.76,3456.74,3849899.75
2020-11-30,3418.16,3391.76,3391.76,3456.74,3849899.75
2020-12-01,3388.99,3451.94,3386.91,3457.64,3161889.75
2020-12-01,3388.99,3451.94,3386.91,3457.64,3161889.75
2020-12-01,3388.99,3451.94,3386.91,3457.64,3161889.75
2020-12-01,3388.99,3451.94,3386.91,3457.64,3161889.75
2020-12-01,3388.99,3451.94,3386.91,3457.64,3161889.75
2020-12-02,3453.52,3449.38,3435.87,3465.73,3128111.25
2020-12-02,3453.52,3449.38,3435.87,3465.73,3128111.25
2020-12-02,3453.52,3449.38,3435.87,3465.73,3128111.25
2020-12-02,3453.52,3449.38,3435.87,3465.73,3128111.25
2020-12-02,3453.52,3449.38,3435.87,3465.73,3128111.25
2020-12-03,3448.54,3442.14,3428.8,3452.16,2984599.25
2020-12-03,3448.54,3442.14,3428.8,3452.16,2984599.25
2020-12-03,3448.54,3442.14,3428.8,3452.16,2984599.25
2020-12-03,3448.54,3442.14,3428.8,3452.16,2984599.25
2020-12-03,3448.54,3442.14,3428.8,3452.16,2984599.25
2020-12-04,3436.73,3444.58,3417.05,3448.4,2562767.0
2020-12-04,3436.73,3444.58,3417.05,3448.4,2562767.0
2020-12-04,3436.73,3444.58,3417.05,3448.4,2562767.0
2020-12-04,3436.73,3444.58,3417.05,3448.4,2562767.0
2020-12-04,3436.73,3444.58,3417.05,3448.4,2562767.0
2020-12-07,3446.65,3416.6,3414.31,3449.58,2545225.0
2020-12-07,3446.65,3416.6,3414.31,3449.58,2545225.0
2020-12-07,3446.65,3416.6,3414.31,3449.58,2545225.0
2020-12-07,3446.65,3416.6,3414.31,3449.58,2545225.0
2020-12-07,3446.65,3416.6,3414.31,3449.58,2545225.0
2020-12-08,3417.69,3410.18,3403.03,3428.66,2269073.25
2020-12-08,3417.69,3410.18,3403.03,3428.66,2269073.25
2020-12-08,3417.69,3410.18,3403.03,3428.66,2269073.25
2020-12-08,3417.69,3410.18,3403.03,3428.66,2269073.25
2020-12-08,3417.69,3410.18,3403.03,3428.66,2269073.25
2020-12-09,3416.08,3371.96,3371.92,3422.54,2607474.25
2020-12-09,3416.08,3371.96,3371.92,3422.54,2607474.25
2020-12-09,3416.08,3371.96,3371.92,3422.54,2607474.25
2020-12-09,3416.08,3371.96,3371.92,3422.54,2607474.25
2020-12-09,3416.08,3371.96,3371.92,3422.54,2607474.25
2020-12-10,3365.73,3373.28,3357.75,3384.89,2473083.0
2020-12-10,3365.73,3373.28,3357.75,3384.89,2473083.0
2020-12-10,3365.73,3373.28,3357.75,3384.89,2473083.0
2020-12-10,3365.73,3373.28,3357.75,3384.89,2473083.0
2020-12-10,3365.73,3373.28,3357.75,3384.89,2473083.0
2020-12-11,3381.01,3347.19,3325.17,3383.18,2986171.5
2020-12-11,3381.01,3347.19,3325.17,3383.18,2986171.5
2020-12-11,3381.01,3347.19,3325.17,3383.18,2986171.5
2020-12-11,3381.01,3347.19,3325.17,3383.18,2986171.5
2020-12-11,3381.01,3347.19,3325.17,3383.18,2986171.5
2020-12-14,3349.53,3369.12,3338.63,3371.13,2398079.25
2020-12-14,3349.53,3369.12,3338.63,3371.13,2398079.25
2020-12-14,3349.53,3369.12,3338.63,3371.13,2398079.25
2020-12-14,3349.53,3369.12,3338.63,3371.13,2398079.25
2020-12-14,3349.53,3369.12,3338.63,3371.13,2398079.25
2020-12-15,3366.58,3367.23,3348.42,3373.56,2256674.0
2020-12-15,3366.58,3367.23,3348.42,3373.56,2256674.0
2020-12-15,3366.58,3367.23,3348.42,3373.56,2256674.0
2020-12-15,3366.58,3367.23,3348.42,3373.56,2256674.0
2020-12-15,3366.58,3367.23,3348.42,3373.56,2256674.0
2020-12-16,3371.26,3366.98,3359.17,3378.66,2208139.75
2020-12-16,3371.26,3366.98,3359.17,3378.66,2208139.75
2020-12-16,3371.26,3366.98,3359.17,3378.66,2208139.75
2020-12-16,3371.26,3366.98,3359.17,3378.66,2208139.75
2020-12-16,3371.26,3366.98,3359.17,3378.66,2208139.75
2020-12-17,3367.28,3404.87,3354.01,3406.15,2754636.25
2020-12-17,3367.28,3404.87,3354.01,3406.15,2754636.25
2020-12-17,3367.28,3404.87,3354.01,3406.15,2754636.25
2020-12-17,3367.28,3404.87,3354.01,3406.15,2754636.25
2020-12-17,3367.28,3404.87,3354.01,3406.15,2754636.25
2020-12-18,3400.49,3394.9,3382.75,3413.81,2809926.5
2020-12-18,3400.49,3394.9,3382.75,3413.81,2809926.5
2020-12-18,3400.49,3394.9,3382.75,3413.81,2809926.5
2020-12-18,3400.49,3394.9,3382.75,3413.81,2809926.5
2020-12-18,3400.49,3394.9,3382.75,3413.81,2809926.5
2020-12-21,3394.39,3420.57,3381.12,3423.61,2837598.0
2020-12-21,3394.39,3420.57,3381.12,3423.61,2837598.0
2020-12-21,3394.39,3420.57,3381.12,3423.61,2837598.0
2020-12-21,3394.39,3420.57,3381.12,3423.61,2837598.0
2020-12-21,3394.39,3420.57,3381.12,3423.61,2837598.0
2020-12-22,3410.97,3356.78,3353.86,3415.75,3230376.5
2020-12-22,3410.97,3356.78,3353.86,3415.75,3230376.5
2020-12-22,3410.97,3356.78,3353.86,3415.75,3230376.5
2020-12-22,3410.97,3356.78,3353.86,3415.75,3230376.5
2020-12-22,3410.97,3356.78,3353.86,3415.75,3230376.5
2020-12-23,3362.47,3382.32,3360.2,3394.21,2995235.25
2020-12-23,3362.47,3382.32,3360.2,3394.21,2995235.25
2020-12-23,3362.47,3382.32,3360.2,3394.21,2995235.25
2020-12-23,3362.47,3382.32,3360.2,3394.21,2995235.25
2020-12-23,3362.47,3382.32,3360.2,3394.21,2995235.25
2020-12-24,3382.19,3363.11,3354.02,3394.07,2750444.5
2020-12-24,3382.19,3363.11,3354.02,3394.07,2750444.5
2020-12-24,3382.19,3363.11,3354.02,3394.07,2750444.5
2020-12-24,3382.19,3363.11,3354.02,3394.07,2750444.5
2020-12-24,3382.19,3363.11,3354.02,3394.07,2750444.5
2020-12-25,3351.79,3396.56,3348.35,3397.01,2945469.0
2020-12-25,3351.79,3396.56,3348.35,3397.01,2945469.0
2020-12-25,3351.79,3396.56,3348.35,3397.01,2945469.0
2020-12-25,3351.79,3396.56,3348.35,3397.01,2945469.0
2020-12-25,3351.79,3396.56,3348.35,3397.01,2945469.0
2020-12-28,3396.36,3397.29,3383.65,3412.52,3161815.5
2020-12-28,3396.36,3397.29,3383.65,3412.52,3161815.5
2020-12-28,3396.36,3397.29,3383.65,3412.52,3161815.5
2020-12-28,3396.36,3397.29,3383.65,3412.52,3161815.5
2020-12-28,3396.36,3397.29,3383.65,3412.52,3161815.5
2020-12-29,3399.29,3379.04,3376.09,3407.09,3117691.75
2020-12-29,3399.29,3379.04,3376.09,3407.09,3117691.75
2020-12-29,3399.29,3379.04,3376.09,3407.09,3117691.75
2020-12-29,3399.29,3379.04,3376.09,3407.09,3117691.75
2020-12-29,3399.29,3379.04,3376.09,3407.09,3117691.75
2020-12-30,3375.01,3414.45,3374.42,3414.45,2910235.5
2020-12-30,3375.01,3414.45,3374.42,3414.45,2910235.5
2020-12-30,3375.01,3414.45,3374.42,3414.45,2910235.5
2020-12-30,3375.01,3414.45,3374.42,3414.45,2910235.5
2020-12-30,3375.01,3414.45,3374.42,3414.45,2910235.5
2020-12-31,3419.73,3473.07,3419.73,3474.92,3356739.25
2020-12-31,3419.73,3473.07,3419.73,3474.92,3356739.25
2020-12-31,3419.73,3473.07,3419.73,3474.92,3356739.25
2020-12-31,3419.73,3473.07,3419.73,3474.92,3356739.25
2020-12-31,3419.73,3473.07,3419.73,3474.92,3356739.25
2021-01-04,3474.68,3502.96,3457.21,3511.66,3807908.0
2021-01-04,3474.68,3502.96,3457.21,3511.66,3807908.0
2021-01-04,3474.68,3502.96,3457.21,3511.66,3807908.0
2021-01-04,3474.68,3502.96,3457.21,3511.66,3807908.0
2021-01-04,3474.68,3502.96,3457.21,3511.66,3807908.0
2021-01-05,3492.19,3528.68,3484.72,3528.68,4079959.25
2021-01-05,3492.19,3528.68,3484.72,3528.68,4079959.25
2021-01-05,3492.19,3528.68,3484.72,3528.68,4079959.25
2021-01-05,3492.19,3528.68,3484.72,3528.68,4079959.25
2021-01-05,3492.19,3528.68,3484.72,3528.68,4079959.25
2021-01-06,3530.91,3550.88,3513.13,3556.8,3702309.25
2021-01-06,3530.91,3550.88,3513.13,3556.8,3702309.25
2021-01-06,3530.91,3550.88,3513.13,3556.8,3702309.25
2021-01-06,3530.91,3550.88,3513.13,3556.8,3702309.25
2021-01-06,3530.91,3550.88,3513.13,3556.8,3702309.25
2021-01-07,3552.91,3576.2,3526.62,3576.2,4053482.25
2021-01-07,3552.91,3576.2,3526.62,3576.2,4053482.25
2021-01-07,3552.91,3576.2,3526.62,3576.2,4053482.25
2021-01-07,3552.91,3576.2,3526.62,3576.2,4053482.25
2021-01-07,3552.91,3576.2,3526.62,3576.2,4053482.25
2021-01-08,3577.69,3570.11,3544.89,3588.06,3455579.0
2021-01-08,3577.69,3570.11,3544.89,3588.06,3455579.0
2021-01-08,3577.69,3570.11,3544.89,3588.06,3455579.0
2021-01-08,3577.69,3570.11,3544.89,3588.06,3455579.0
2021-01-08,3577.69,3570.11,3544.89,3588.06,3455579.0
2021-01-11,3571.32,3531.5,3516.99,3597.7,3624791.5
2021-01-11,3571.32,3531.5,3516.99,3597.7,3624791.5
2021-01-11,3571.32,3531.5,3516.99,3597.7,3624791.5
2021-01-11,3571.32,3531.5,3516.99,3597.7,3624791.5
2021-01-11,3571.32,3531.5,3516.99,3597.7,3624791.5
2021-01-12,3518.01,3608.34,3517.47,3608.34,3234061.5
2021-01-12,3518.01,3608.34,3517.47,3608.34,3234061.5
2021-01-12,3518.01,3608.34,3517.47,3608.34,3234061.5
2021-01-12,3518.01,3608.34,3517.47,3608.34,3234061.5
2021-01-12,3518.01,3608.34,3517.47,3608.34,3234061.5
2021-01-13,3613.28,3598.65,3575.59,3622.35,3881278.0
2021-01-13,3613.28,3598.65,3575.59,3622.35,3881278.0
2021-01-13,3613.28,3598.65,3575.59,3622.35,3881278.0
2021-01-13,3613.28,3598.65,3575.59,3622.35,3881278.0
2021-01-13,3613.28,3598.65,3575.59,3622.35,3881278.0
2021-01-14,3584.93,3565.9,3559.6,3599.06,3476668.25
2021-01-14,3584.93,3565.9,3559.6,3599.06,3476668.25
2021-01-14,3584.93,3565.9,3559.6,3599.06,3476668.25
2021-01-14,3584.93,3565.9,3559.6,3599.06,3476668.25
2021-01-14,3584.93,3565.9,3559.6,3599.06,3476668.25
2021-01-15,3566.28,3566.38,3533.79,3589.27,3246127.5
2021-01-15,3566.28,3566.38,3533.79,3589.27,3246127.5
2021-01-15,3566.28,3566.38,3533.79,3589.27,3246127.5
2021-01-15,3566.28,3566.38,3533.79,3589.27,3246127.5
2021-01-15,3566.28,3566.38,3533.79,3589.27,3246127.5
2021-01-18,3554.8,3596.22,3544.26,3608.77,3016525.75
2021-01-18,3554.8,3596.22,3544.26,3608.77,3016525.75
2021-01-18,3554.8,3596.22,3544.26,3608.77,3016525.75
2021-01-18,3554.8,3596.22,3544.26,3608.77,3016525.75
2021-01-18,3554.8,3596.22,3544.26,3608.77,3016525.75
2021-01-19,3596.36,3566.38,3553.02,3603.15,3234395.5
2021-01-19,3596.36,3566.38,3553.02,3603.15,3234395.5
2021-01-19,3596.36,3566.38,3553.02,3603.15,3234395.5
2021-01-19,3596.36,3566.38,3553.02,3603.15,3234395.5
2021-01-19,3596.36,3566.38,3553.02,3603.15,3234395.5
2021-01-20,3564.12,3583.09,3556.44,3589.96,2722716.5
2021-01-20,3564.12,3583.09,3556.44,3589.96,2722716.5
2021-01-20,3564.12,3583.09,3556.44,3589.96,2722716.5
2021-01-20,3564.12,3583.09,3556.44,3589.96,2722716.5
2021-01-20,3564.12,3583.09,3556.44,3589.96,2722716.5
2021-01-21,3590.92,3621.26,3585.8,3636.24,3274670.0
2021-01-21,3590.92,3621.26,3585.8,3636.24,3274670.0
2021-01-21,3590.92,3621.26,3585.8,3636.24,3274670.0
2021-01-21,3590.92,3621.26,3585.8,3636.24,3274670.0
2021-01-21,3590.92,3621.26,3585.8,3636.24,3274670.0
2021-01-22,3616.54,3606.75,3585.03,3616.54,3244630.75
2021-01-22,3616.54,3606.75,3585.03,3616.54,3244630.75
2021-01-22,3616.54,3606.75,3585.03,3616.54,3244630.75
2021-01-22,3616.54,3606.75,3585.03,3616.54,3244630.75
2021-01-22,3616.54,3606.75,3585.03,3616.54,3244630.75
2021-01-25,3605.36,3624.24,3591.02,3637.1,3273410.75
2021-01-25,3605.36,3624.24,3591.02,3637.1,3273410.75
2021-01-25,3605.36,3624.24,3591.02,3637.1,3273410.75
2021-01-25,3605.36,3624.24,3591.02,3637.1,3273410.75
2021-01-25,3605.36,3624.24,3591.02,3637.1,3273410.75
2021-01-26,3610.97,3569.43,3564.74,3610.97,2781398.75
2021-01-26,3610.97,3569.43,3564.74,3610.97,2781398.75
2021-01-26,3610.97,3569.43,3564.74,3610.97,2781398.75
2021-01-26,3610.97,3569.43,3564.74,3610.97,2781398.75
2021-01-26,3610.97,3569.43,3564.74,3610.97,2781398.75
2021-01-27,3567.55,3573.34,3546.49,3578.8,2641071.5
2021-01-27,3567.55,3573.34,3546.49,3578.8,2641071.5
2021-01-27,3567.55,3573.34,3546.49,3578.8,2641071.5
2021-01-27,3567.55,3573.34,3546.49,3578.8,2641071.5
2021-01-27,3567.55,3573.34,3546.49,3578.8,2641071.5
2021-01-28,3534.67,3505.18,3496.88,3549.54,2708624.5
2021-01-28,3534.67,3505.18,3496.88,3549.54,2708624.5
2021-01-28,3534.67,3505.18,3496.88,3549.54,2708624.5
2021-01-28,3534.67,3505.18,3496.88,3549.54,2708624.5
2021-01-28,3534.67,3505.18,3496.88,3549.54,2708624.5
2021-01-29,3521.72,3483.07,3446.55,3531.6,2936626.75
2021-01-29,3521.72,3483.07,3446.55,3531.6,2936626.75
2021-01-29,3521.72,3483.07,3446.55,3531.6,2936626.75
2021-01-29,3521.72,3483.07,3446.55,3531.6,2936626.75
2021-01-29,3521.72,3483.07,3446.55,3531.6,2936626.75
2021-02-01,3477.17,3505.28,3469.88,3506.39,2775679.0
2021-02-01,3477.17,3505.28,3469.88,3506.39,2775679.0
2021-02-01,3477.17,3505.28,3469.88,3506.39,2775679.0
2021-02-01,3477.17,3505.28,3469.88,3506.39,2775679.0
2021-02-01,3477.17,3505.28,3469.88,3506.39,2775679.0
2021-02-02,3510.81,3533.68,3495.57,3535.5,2645406.25
2021-02-02,3510.81,3533.68,3495.57,3535.5,2645406.25
2021-02-02,3510.81,3533.68,3495.57,3535.5,2645406.25
2021-02-02,3510.81,3533.68,3495.57,3535.5,2645406.25
2021-02-02,3510.81,3533.68,3495.57,3535.5,2645406.25
2021-02-03,3531.15,3517.31,3508.51,3544.01,2973517.25
2021-02-03,3531.15,3517.31,3508.51,3544.01,2973517.25
2021-02-03,3531.15,3517.31,3508.51,3544.01,2973517.25
2021-02-03,3531.15,3517.31,3508.51,3544.01,2973517.25
2021-02-03,3531.15,3517.31,3508.51,3544.01,2973517.25
2021-02-04,3503.78,3501.86,3465.77,3524.72,2988348.5
2021-02-04,3503.78,3501.86,3465.77,3524.72,2988348.5
2021-02-04,3503.78,3501.86,3465.77,3524.72,2988348.5
2021-02-04,3503.78,3501.86,3465.77,3524.72,2988348.5
2021-02-04,3503.78,3501.86,3465.77,3524.72,2988348.5
2021-02-05,3509.49,3496.33,3492.96,3536.54,2901461.75
2021-02-05,3509.49,3496.33,3492.96,3536.54,2901461.75
2021-02-05,3509.49,3496.33,3492.96,3536.54,2901461.75
2021-02-08,3504.56,3532.45,3492.13,3542.21,2497996.25
2021-02-08,3504.56,3532.45,3492.13,3542.21,2497996.25
2021-02-09,3539.77,3603.49,3528.68,3604.01,2538217.5
2021-02-09,3539.77,3603.49,3528.68,3604.01,2538217.5
2021-02-10,3612.61,3655.09,3612.5,3662.77,2579408.25
2021-02-10,3612.61,3655.09,3612.5,3662.77,2579408.25
2021-02-18,3721.09,3675.36,3663.66,3731.69,3403090.75
2021-02-18,3721.09,3675.36,3663.66,3731.69,3403090.75
2021-02-19,3661.78,3696.17,3634.01,3699.65,3610598.0
2021-02-19,3661.78,3696.17,3634.01,3699.65,3610598.0
2021-02-22,3707.19,3642.44,3642.44,3717.27,4888215.0
2021-02-22,3707.19,3642.44,3642.44,3717.27,4888215.0
2021-02-23,3617.7,3636.36,3617.7,3672.15,3988731.75
2021-02-23,3617.7,3636.36,3617.7,3672.15,3988731.75
2021-02-24,3638.94,3564.08,3531.59,3645.65,3621589.5
2021-02-24,3638.94,3564.08,3531.59,3645.65,3621589.5
2021-02-25,3595.54,3585.05,3568.47,3608.56,3662323.0
2021-02-25,3595.54,3585.05,3568.47,3608.56,3662323.0
2021-02-26,3514.56,3509.08,3500.7,3550.41,3332800.75
2021-02-26,3514.56,3509.08,3500.7,3550.41,3332800.75
2021-03-01,3531.48,3551.4,3511.99,3552.57,3154875.25
2021-03-01,3531.48,3551.4,3511.99,3552.57,3154875.25
2021-03-02,3566.85,3508.59,3485.36,3566.85,3398304.75
2021-03-02,3566.85,3508.59,3485.36,3566.85,3398304.75
2021-03-03,3500.16,3576.9,3498.72,3577.62,3476568.5
2021-03-03,3500.16,3576.9,3498.72,3577.62,3476568.5
2021-03-04,3546.64,3503.49,3487.38,3552.2,3936161.25
2021-03-04,3546.64,3503.49,3487.38,3552.2,3936161.25
2021-03-05,3463.31,3501.99,3456.67,3523.57,3564092.25
2021-03-05,3463.31,3501.99,3456.67,3523.57,3564092.25
2021-03-08,3524.98,3421.41,3421.22,3542.3,3870479.5
2021-03-08,3524.98,3421.41,3421.22,3542.3,3870479.5
